date,lane,origin,destination,origin_price,dest_price,freight,fx,delivered_cost,arb_margin,distance_nm,transit_days,window_open
2022-01-03,BR_SANTOS->CN_QINGDAO,BR_SANTOS,CN_QINGDAO,396.4255807339069,448.54513971552507,100.44067483588331,0.9982886748618373,522.6991266301292,-74.1539869146041,9805.2,31.426923076923078,False
2022-01-04,BR_SANTOS->CN_QINGDAO,BR_SANTOS,CN_QINGDAO,390.8651098341679,442.0574511416641,103.54159194222945,0.9995144432512594,519.7181864969177,-77.66073535525362,9805.2,31.426923076923078,False
2022-01-05,BR_SANTOS->CN_QINGDAO,BR_SANTOS,CN_QINGDAO,391.2862315818421,445.134516634688,116.56590863382186,1.000834817626502,532.6468670570215,-87.5123504223335,9805.2,31.426923076923078,False
2022-01-06,BR_SANTOS->CN_QINGDAO,BR_SANTOS,CN_QINGDAO,401.99240753260045,451.89989311143734,112.30120827599175,1.0104984684922658,535.274175625775,-83.37428251433766,9805.2,31.426923076923078,False
2022-01-07,BR_SANTOS->CN_QINGDAO,BR_SANTOS,CN_QINGDAO,398.3793313861227,442.49645102016933,113.88513889828032,1.0128146574165267,532.3575356160266,-89.86108459585722,9805.2,31.426923076923078,False
2022-01-10,BR_SANTOS->CN_QINGDAO,BR_SANTOS,CN_QINGDAO,395.3270200759595,435.256449980235,110.6948876426999,1.0132596985389226,525.9654718159348,-90.70902183569984,9805.2,31.426923076923078,False
2022-01-11,BR_SANTOS->CN_QINGDAO,BR_SANTOS,CN_QINGDAO,392.31610139917854,435.4572332956027,115.54089880107276,1.0090591209626736,529.4446311157445,-93.98739782014184,9805.2,31.426923076923078,False
2022-01-12,BR_SANTOS->CN_QINGDAO,BR_SANTOS,CN_QINGDAO,392.9229144482005,430.47213226651627,114.37719465519335,1.013928757884915,527.005481606442,-96.53334933992573,9805.2,31.426923076923078,False
2022-01-13,BR_SANTOS->CN_QINGDAO,BR_SANTOS,CN_QINGDAO,394.0702428324358,432.12773880367456,123.84066411160367,1.0122862747825643,538.2403623366424,-106.11262353296786,9805.2,31.426923076923078,False
2022-01-14,BR_SANTOS->CN_QINGDAO,BR_SANTOS,CN_QINGDAO,390.76700170803736,423.3320813474301,119.35714613146986,1.0030632122822933,534.0446474030364,-110.71256605560626,9805.2,31.426923076923078,False
2022-01-17,BR_SANTOS->CN_QINGDAO,BR_SANTOS,CN_QINGDAO,397.6398715491473,426.75838465316076,126.98538672768152,1.0018897842688292,549.0273893177383,-122.26900466457755,9805.2,31.426923076923078,False
2022-01-18,BR_SANTOS->CN_QINGDAO,BR_SANTOS,CN_QINGDAO,401.98098552391906,433.3820597775198,129.32279144790164,1.0030415558122323,555.2572859926377,-121.87522621511783,9805.2,31.426923076923078,False
2022-01-19,BR_SANTOS->CN_QINGDAO,BR_SANTOS,CN_QINGDAO,403.3674191873879,435.1855096405858,127.54151490622726,0.9981276604719568,556.8556504422872,-121.67014080170145,9805.2,31.426923076923078,False
2022-01-20,BR_SANTOS->CN_QINGDAO,BR_SANTOS,CN_QINGDAO,409.1344326424356,442.5073187282202,129.55324447928285,0.9974201571517575,564.967754779049,-122.46043605082878,9805.2,31.426923076923078,False
2022-01-21,BR_SANTOS->CN_QINGDAO,BR_SANTOS,CN_QINGDAO,410.9903538382557,444.71589779501477,129.6683025950837,0.9969924583447005,567.1309728302359,-122.41507503522115,9805.2,31.426923076923078,False
2022-01-24,BR_SANTOS->CN_QINGDAO,BR_SANTOS,CN_QINGDAO,400.5238889653633,444.65146133768076,130.4036507016545,0.9966580759379552,557.4487844888727,-112.7973231511919,9805.2,31.426923076923078,False
2022-01-25,BR_SANTOS->CN_QINGDAO,BR_SANTOS,CN_QINGDAO,401.7148872283844,449.0754881689941,127.47760443749064,1.0040685847650488,552.7336172913724,-103.65812912237828,9805.2,31.426923076923078,False
2022-01-26,BR_SANTOS->CN_QINGDAO,BR_SANTOS,CN_QINGDAO,395.0511665717527,445.869918326404,121.71942896780916,0.9961982283906071,543.4286547636958,-97.55873643729183,9805.2,31.426923076923078,False
2022-01-27,BR_SANTOS->CN_QINGDAO,BR_SANTOS,CN_QINGDAO,394.6739968945936,452.2894087137335,118.65314603179876,1.0084291247387251,535.1514755696234,-82.86206685588985,9805.2,31.426923076923078,False
2022-01-28,BR_SANTOS->CN_QINGDAO,BR_SANTOS,CN_QINGDAO,399.3521226755795,453.8041223544965,108.2703332073108,1.0082304717486656,529.5104198639176,-75.70629750942112,9805.2,31.426923076923078,False
2022-01-31,BR_SANTOS->CN_QINGDAO,BR_SANTOS,CN_QINGDAO,403.1739471943706,451.0044103362765,112.61307444931087,1.0117465082059824,536.2666843506705,-85.262274014394,9805.2,31.426923076923078,False
2022-02-01,BR_SANTOS->CN_QINGDAO,BR_SANTOS,CN_QINGDAO,403.2834487651478,443.41811631974036,105.37515670416133,1.0125228332731673,528.8303460009157,-85.41222968117535,9805.2,31.426923076923078,False
2022-02-02,BR_SANTOS->CN_QINGDAO,BR_SANTOS,CN_QINGDAO,408.394252997809,450.05359327499445,104.10036629058524,1.00209111302824,536.8503643522217,-86.79677107722728,9805.2,31.426923076923078,False
2022-02-03,BR_SANTOS->CN_QINGDAO,BR_SANTOS,CN_QINGDAO,410.62732419272766,450.7803095773745,107.46197561202732,0.9957584845082968,545.0716839866413,-94.29137440926684,9805.2,31.426923076923078,False
2022-02-04,BR_SANTOS->CN_QINGDAO,BR_SANTOS,CN_QINGDAO,407.3799107270312,451.7959137125165,111.82717657035083,0.9926310930026931,547.454269955028,-95.65835624251156,9805.2,31.426923076923078,False
2022-02-07,BR_SANTOS->CN_QINGDAO,BR_SANTOS,CN_QINGDAO,405.1547988340364,446.8401659248537,101.91446953613773,0.998567154899714,532.8491280804899,-86.0089621556362,9805.2,31.426923076923078,False
2022-02-08,BR_SANTOS->CN_QINGDAO,BR_SANTOS,CN_QINGDAO,403.07371418441335,446.22537284151974,101.50896641502098,0.9903074788094264,533.7329391346146,-87.5075662930949,9805.2,31.426923076923078,False
2022-02-09,BR_SANTOS->CN_QINGDAO,BR_SANTOS,CN_QINGDAO,405.07284259309006,449.2010954430547,103.95826633738265,0.985235850853275,540.3281086184836,-91.12701317542889,9805.2,31.426923076923078,False
2022-02-10,BR_SANTOS->CN_QINGDAO,BR_SANTOS,CN_QINGDAO,406.2481829265641,450.69151679669903,104.19885267933205,0.9862108347018198,541.3581195977963,-90.66660280109727,9805.2,31.426923076923078,False
2022-02-11,BR_SANTOS->CN_QINGDAO,BR_SANTOS,CN_QINGDAO,403.4719633991116,446.8505020784258,111.40200122198938,0.9890128245515764,544.5663498112173,-97.71584773279147,9805.2,31.426923076923078,False
2022-02-14,BR_SANTOS->CN_QINGDAO,BR_SANTOS,CN_QINGDAO,412.52762170037334,457.95479311205474,106.52672044727838,0.991643456661312,547.7829810613398,-89.82818794928505,9805.2,31.426923076923078,False
2022-02-15,BR_SANTOS->CN_QINGDAO,BR_SANTOS,CN_QINGDAO,410.079541340079,450.79445898542946,96.02055573240895,0.985806012448696,537.2567480628007,-86.46228907737128,9805.2,31.426923076923078,False
2022-02-16,BR_SANTOS->CN_QINGDAO,BR_SANTOS,CN_QINGDAO,412.83824548712295,446.30751656529134,100.37631763610472,0.97639932299182,548.4812999988659,-102.17378343357456,9805.2,31.426923076923078,False
2022-02-17,BR_SANTOS->CN_QINGDAO,BR_SANTOS,CN_QINGDAO,411.1265174092505,447.5306509342055,97.87943048544709,0.9795624604176458,542.8553348623333,-95.3246839281278,9805.2,31.426923076923078,False
2022-02-18,BR_SANTOS->CN_QINGDAO,BR_SANTOS,CN_QINGDAO,413.0459504058778,456.2180539849834,89.9060823153743,0.9880217845607324,533.2225860380797,-77.00453205309634,9805.2,31.426923076923078,False
2022-02-21,BR_SANTOS->CN_QINGDAO,BR_SANTOS,CN_QINGDAO,418.05567488268537,457.6206791406433,89.84395685786049,0.9859769104777443,539.1396156980283,-81.51893655738496,9805.2,31.426923076923078,False
2022-02-22,BR_SANTOS->CN_QINGDAO,BR_SANTOS,CN_QINGDAO,416.86578775494615,456.3847799257168,96.24510814516498,0.9792283054562082,547.2566963552815,-90.87191642956469,9805.2,31.426923076923078,False
2022-02-23,BR_SANTOS->CN_QINGDAO,BR_SANTOS,CN_QINGDAO,411.7223508370867,453.0564331578185,90.70518205918802,0.9767058540330295,537.5282790970508,-84.47184593923231,9805.2,31.426923076923078,False
2022-02-24,BR_SANTOS->CN_QINGDAO,BR_SANTOS,CN_QINGDAO,404.1215315788921,454.9798496888749,102.64526401281938,0.979017885544899,540.6632575605186,-85.68340787164368,9805.2,31.426923076923078,False
2022-02-25,BR_SANTOS->CN_QINGDAO,BR_SANTOS,CN_QINGDAO,406.26552359886995,456.2697250494017,98.50282827130754,0.9776493350503518,539.3061708116791,-83.03644576227737,9805.2,31.426923076923078,False
2022-02-28,BR_SANTOS->CN_QINGDAO,BR_SANTOS,CN_QINGDAO,407.1056467489341,458.15715478428103,99.20733373319457,0.9859387317329665,537.3551297007106,-79.19797491642953,9805.2,31.426923076923078,False
2022-03-01,BR_SANTOS->CN_QINGDAO,BR_SANTOS,CN_QINGDAO,405.73463013877233,465.33914082344955,93.56800473309697,0.9914257303364403,528.0284737984147,-62.68933297496511,9805.2,31.426923076923078,False
2022-03-02,BR_SANTOS->CN_QINGDAO,BR_SANTOS,CN_QINGDAO,404.5160545642529,460.93417149235853,94.26773569219824,0.992522881976522,527.0392640187206,-66.10509252636206,9805.2,31.426923076923078,False
2022-03-03,BR_SANTOS->CN_QINGDAO,BR_SANTOS,CN_QINGDAO,406.83662971382756,463.97410843478445,94.10930379150055,0.9809525896321134,534.0912293523032,-70.11712091751878,9805.2,31.426923076923078,False
2022-03-04,BR_SANTOS->CN_QINGDAO,BR_SANTOS,CN_QINGDAO,402.00318060116945,459.7383546632167,87.8013388930937,0.976886572947646,524.5448039901713,-64.80644932695463,9805.2,31.426923076923078,False
2022-03-07,BR_SANTOS->CN_QINGDAO,BR_SANTOS,CN_QINGDAO,403.0510954745807,460.26181129187256,101.99603962062847,0.9736797142138335,541.1838252843007,-80.92201399242816,9805.2,31.426923076923078,False
2022-03-08,BR_SANTOS->CN_QINGDAO,BR_SANTOS,CN_QINGDAO,410.38799393861296,459.29595781784246,99.60772624071579,0.9693276803719906,548.2724640256175,-88.97650620777506,9805.2,31.426923076923078,False
2022-03-09,BR_SANTOS->CN_QINGDAO,BR_SANTOS,CN_QINGDAO,414.72857241329234,457.6199266226275,97.39459773365348,0.9704381259855551,550.0685736440518,-92.44864702142428,9805.2,31.426923076923078,False
2022-03-10,BR_SANTOS->CN_QINGDAO,BR_SANTOS,CN_QINGDAO,420.75276938386054,463.8929087932499,102.5749941596733,0.9716700560071129,560.9366133860904,-97.04370459284047,9805.2,31.426923076923078,False
2022-03-11,BR_SANTOS->CN_QINGDAO,BR_SANTOS,CN_QINGDAO,420.8292633504143,464.491735813088,112.40165861857446,0.9619590181412054,575.237476445241,-110.745740632153,9805.2,31.426923076923078,False
2022-03-14,BR_SANTOS->CN_QINGDAO,BR_SANTOS,CN_QINGDAO,419.2706221414528,465.25791556936116,118.46133536095594,0.9666141878925985,577.5583562915699,-112.30044072220875,9805.2,31.426923076923078,False
2022-03-15,BR_SANTOS->CN_QINGDAO,BR_SANTOS,CN_QINGDAO,418.7661544367384,466.31931200054555,110.83849089964174,0.9667077048358234,569.3687576644795,-103.04944566393397,9805.2,31.426923076923078,False
2022-03-16,BR_SANTOS->CN_QINGDAO,BR_SANTOS,CN_QINGDAO,413.4178209004044,459.71094292513203,111.67855822104553,0.9687843403716204,563.7258212502006,-104.0148783250686,9805.2,31.426923076923078,False
2022-03-17,BR_SANTOS->CN_QINGDAO,BR_SANTOS,CN_QINGDAO,413.1970840564161,459.7922557173721,101.29267321703536,0.9731234854155897,551.1991255752931,-91.40686985792104,9805.2,31.426923076923078,False
2022-03-18,BR_SANTOS->CN_QINGDAO,BR_SANTOS,CN_QINGDAO,414.92652128306827,461.1208344957179,106.10354562102354,0.9686556359369514,559.7734839062408,-98.65264941052294,9805.2,31.426923076923078,False
2022-03-21,BR_SANTOS->CN_QINGDAO,BR_SANTOS,CN_QINGDAO,415.0295416194764,450.59293077179734,97.67318247797866,0.9760000152068639,548.2089969709302,-97.61606619913289,9805.2,31.426923076923078,False
2022-03-22,BR_SANTOS->CN_QINGDAO,BR_SANTOS,CN_QINGDAO,412.8361095695595,447.6958300364999,94.11802678388672,0.9751700252353771,542.7566015856231,-95.06077154912322,9805.2,31.426923076923078,False
2022-03-23,BR_SANTOS->CN_QINGDAO,BR_SANTOS,CN_QINGDAO,415.35014523728006,455.87099443001483,94.5657720527229,0.9840602491716023,541.9278329458165,-86.05683851580164,9805.2,31.426923076923078,False
2022-03-24,BR_SANTOS->CN_QINGDAO,BR_SANTOS,CN_QINGDAO,410.35465884800294,452.5345705484648,97.14275596662505,0.9787962784436374,541.6562073487939,-89.12163680032916,9805.2,31.426923076923078,False
2022-03-25,BR_SANTOS->CN_QINGDAO,BR_SANTOS,CN_QINGDAO,415.31121815996397,458.9151720675374,96.19626685727313,0.9872793305214574,542.1352746496393,-83.2201025821019,9805.2,31.426923076923078,False
2022-03-28,BR_SANTOS->CN_QINGDAO,BR_SANTOS,CN_QINGDAO,407.03332304608847,452.79783123560395,104.17286101562978,0.9819389181020535,543.9373746406152,-91.13954340501124,9805.2,31.426923076923078,False
2022-03-29,BR_SANTOS->CN_QINGDAO,BR_SANTOS,CN_QINGDAO,403.7519251728117,450.91435144241865,107.9746609729916,0.9970708120989072,538.1070482157515,-87.1926967733329,9805.2,31.426923076923078,False
2022-03-30,BR_SANTOS->CN_QINGDAO,BR_SANTOS,CN_QINGDAO,405.3457887156533,450.63600685082054,111.27226866232756,0.9913927672154591,545.3521443713825,-94.71613752056192,9805.2,31.426923076923078,False
2022-03-31,BR_SANTOS->CN_QINGDAO,BR_SANTOS,CN_QINGDAO,406.50741830750815,453.1897877468873,104.25159026320979,0.9976976857747456,536.9045319195935,-83.71474417270622,9805.2,31.426923076923078,False
2022-04-01,BR_SANTOS->CN_QINGDAO,BR_SANTOS,CN_QINGDAO,407.97895166231075,460.49715684718393,113.44098673762572,0.995530683286177,548.4713548872028,-87.97419804001885,9805.2,31.426923076923078,False
2022-04-04,BR_SANTOS->CN_QINGDAO,BR_SANTOS,CN_QINGDAO,412.77850362087275,462.2048700893286,108.45789294004827,0.9998108182313636,546.5502998046933,-84.34542971536467,9805.2,31.426923076923078,False
2022-04-05,BR_SANTOS->CN_QINGDAO,BR_SANTOS,CN_QINGDAO,410.2016348006063,483.43144952254147,117.99760000841285,0.9995677433813043,553.5994450145836,-70.16799549204211,9805.2,31.426923076923078,False
2022-04-06,BR_SANTOS->CN_QINGDAO,BR_SANTOS,CN_QINGDAO,409.1339451254018,480.11308814464235,129.66163763059137,0.9930445694381449,566.8925265598082,-86.77943841516583,9805.2,31.426923076923078,False
2022-04-07,BR_SANTOS->CN_QINGDAO,BR_SANTOS,CN_QINGDAO,414.01559741312343,487.0128497118917,131.49172910142588,0.9765193499306273,580.7564462261853,-93.74359651429359,9805.2,31.426923076923078,False
2022-04-08,BR_SANTOS->CN_QINGDAO,BR_SANTOS,CN_QINGDAO,409.85752883562435,483.407863179057,136.75160379783188,0.9913226538983548,575.4356200652394,-92.02775688618237,9805.2,31.426923076923078,False
2022-04-11,BR_SANTOS->CN_QINGDAO,BR_SANTOS,CN_QINGDAO,403.0596808259929,478.95808176158005,115.5401192557749,0.9917570924798411,547.1518279109863,-68.19374614940625,9805.2,31.426923076923078,False
2022-04-12,BR_SANTOS->CN_QINGDAO,BR_SANTOS,CN_QINGDAO,402.74586376408104,475.89975501486686,113.73005398809248,0.9743952580210382,552.2973742126703,-76.39761919780346,9805.2,31.426923076923078,False
2022-04-13,BR_SANTOS->CN_QINGDAO,BR_SANTOS,CN_QINGDAO,395.2134564881369,469.7842916820908,119.53607236767877,0.9761660274318256,549.5929502197587,-79.8086585376679,9805.2,31.426923076923078,False
2022-04-14,BR_SANTOS->CN_QINGDAO,BR_SANTOS,CN_QINGDAO,391.46527279784823,469.7890991359671,124.20916074408419,0.980213300897811,548.741741267065,-78.95264213109789,9805.2,31.426923076923078,False
2022-04-15,BR_SANTOS->CN_QINGDAO,BR_SANTOS,CN_QINGDAO,387.3656420219017,468.046703091554,115.71322710922826,0.9760167198475503,537.7495925866803,-69.70288949512627,9805.2,31.426923076923078,False
2022-04-18,BR_SANTOS->CN_QINGDAO,BR_SANTOS,CN_QINGDAO,391.7859885534612,469.20405525058356,113.29918274514395,0.9718773273155794,541.6068789283361,-72.40282367775251,9805.2,31.426923076923078,False
2022-04-19,BR_SANTOS->CN_QINGDAO,BR_SANTOS,CN_QINGDAO,391.07848308250914,468.838732971444,99.26521511809048,0.9717616311549713,526.889279455829,-58.05054648438494,9805.2,31.426923076923078,False
2022-04-20,BR_SANTOS->CN_QINGDAO,BR_SANTOS,CN_QINGDAO,392.46584821453814,469.1342353123552,101.44943471181455,0.9787987987822345,527.5897830549006,-58.455547742545434,9805.2,31.426923076923078,False
2022-04-21,BR_SANTOS->CN_QINGDAO,BR_SANTOS,CN_QINGDAO,399.8980286408612,471.5950296433365,92.32747636160907,0.9793860199319748,525.8545131277979,-54.259483484461384,9805.2,31.426923076923078,False
2022-04-22,BR_SANTOS->CN_QINGDAO,BR_SANTOS,CN_QINGDAO,391.0941581872182,465.8111385862484,98.14468330245266,0.988022249150696,519.1267031347747,-53.31556454852637,9805.2,31.426923076923078,False
2022-04-25,BR_SANTOS->CN_QINGDAO,BR_SANTOS,CN_QINGDAO,395.5386855359181,464.3136516853328,104.27353642391924,0.9947510769226521,527.055351180272,-62.74169949493927,9805.2,31.426923076923078,False
2022-04-26,BR_SANTOS->CN_QINGDAO,BR_SANTOS,CN_QINGDAO,398.2560474605526,467.41209662088704,101.65898426359195,0.9933865103096272,527.7396397013869,-60.32754308049982,9805.2,31.426923076923078,False
2022-04-27,BR_SANTOS->CN_QINGDAO,BR_SANTOS,CN_QINGDAO,393.7965946176036,464.4173739544778,104.2920466136438,0.984069653586376,529.6328670818611,-65.21549312738335,9805.2,31.426923076923078,False
2022-04-28,BR_SANTOS->CN_QINGDAO,BR_SANTOS,CN_QINGDAO,391.7246431631829,459.66747779324345,102.974393824023,0.9827322039121729,526.7432789945616,-67.07580120131814,9805.2,31.426923076923078,False
2022-04-29,BR_SANTOS->CN_QINGDAO,BR_SANTOS,CN_QINGDAO,384.8999080848021,458.12424187526307,104.09057368607598,0.9858414594896548,519.6366897398176,-61.51244786455453,9805.2,31.426923076923078,False
2022-05-02,BR_SANTOS->CN_QINGDAO,BR_SANTOS,CN_QINGDAO,385.3405417224188,460.40785000804243,98.0966474412783,0.9861957959861825,513.9508911169229,-53.54304110888046,9805.2,31.426923076923078,False
2022-05-03,BR_SANTOS->CN_QINGDAO,BR_SANTOS,CN_QINGDAO,383.32340019082505,481.7777862519662,101.29171306369525,0.9899569525693407,513.6053810921594,-31.82759484019323,9805.2,31.426923076923078,False
2022-05-04,BR_SANTOS->CN_QINGDAO,BR_SANTOS,CN_QINGDAO,388.7300210705952,478.34674967538126,93.23980424437488,0.9950987513153166,509.0039281199458,-30.657178444564522,9805.2,31.426923076923078,False
2022-05-05,BR_SANTOS->CN_QINGDAO,BR_SANTOS,CN_QINGDAO,397.0470507689369,476.81202324203787,85.3664218690703,0.9982733445130462,508.2568096297047,-31.444786387666852,9805.2,31.426923076923078,False
2022-05-06,BR_SANTOS->CN_QINGDAO,BR_SANTOS,CN_QINGDAO,398.19943951409243,475.91345805637565,85.49386028942804,0.9966255869729153,510.20762720745114,-34.294169151075494,9805.2,31.426923076923078,False
2022-05-09,BR_SANTOS->CN_QINGDAO,BR_SANTOS,CN_QINGDAO,407.129829398563,495.1353980828359,85.22519382083505,0.9997392156611072,517.6675827179038,-22.532184635067892,9805.2,31.426923076923078,False
2022-05-10,BR_SANTOS->CN_QINGDAO,BR_SANTOS,CN_QINGDAO,406.5410578495967,490.59452948052956,87.04142540699105,1.0132389561558461,513.445523474339,-22.850993993809425,9805.2,31.426923076923078,False
2022-05-11,BR_SANTOS->CN_QINGDAO,BR_SANTOS,CN_QINGDAO,409.6582191753673,486.151413317404,84.79403242698365,1.0042216960332513,517.9400948830535,-31.788681565649483,9805.2,31.426923076923078,False
2022-05-12,BR_SANTOS->CN_QINGDAO,BR_SANTOS,CN_QINGDAO,408.3803616287966,488.1926625714606,93.88134932013554,1.0071620602252929,524.5548068067152,-36.36214423525462,9805.2,31.426923076923078,False
2022-05-13,BR_SANTOS->CN_QINGDAO,BR_SANTOS,CN_QINGDAO,400.6164305533918,477.57912015086845,94.8588772154691,1.0182938739177931,513.4121342816183,-35.8330141307498,9805.2,31.426923076923078,False
2022-05-16,BR_SANTOS->CN_QINGDAO,BR_SANTOS,CN_QINGDAO,394.6520223344918,461.08623633162466,96.13374473868808,1.0111426360497455,511.5544292364063,-50.46819290478163,9805.2,31.426923076923078,False
2022-05-17,BR_SANTOS->CN_QINGDAO,BR_SANTOS,CN_QINGDAO,397.6454017735146,452.7251060152329,97.17712688444506,1.017234443175034,513.2062785989024,-60.48117258366949,9805.2,31.426923076923078,False
2022-05-18,BR_SANTOS->CN_QINGDAO,BR_SANTOS,CN_QINGDAO,394.406572214788,454.5694260226905,102.20374289584642,1.0241837134889773,512.3877028562499,-57.81827683355942,9805.2,31.426923076923078,False
2022-05-19,BR_SANTOS->CN_QINGDAO,BR_SANTOS,CN_QINGDAO,392.6803845928963,456.6174855986341,104.94413003702604,1.0151484330909848,516.8642144410011,-60.24672884236696,9805.2,31.426923076923078,False
2022-05-20,BR_SANTOS->CN_QINGDAO,BR_SANTOS,CN_QINGDAO,390.3929581336827,447.77917550360036,106.88541804215019,1.019496636220802,514.8916177667378,-67.11244226313744,9805.2,31.426923076923078,False
2022-05-23,BR_SANTOS->CN_QINGDAO,BR_SANTOS,CN_QINGDAO,386.3445863651389,445.93609389821086,110.3613891616878,1.0178383524517558,514.996475512443,-69.06038161423214,9805.2,31.426923076923078,False
2022-05-24,BR_SANTOS->CN_QINGDAO,BR_SANTOS,CN_QINGDAO,389.6500517143884,447.68508227723174,100.08545981795662,1.0174692750837344,508.1246829591186,-60.43960068188687,9805.2,31.426923076923078,False
2022-05-25,BR_SANTOS->CN_QINGDAO,BR_SANTOS,CN_QINGDAO,389.90574144146717,440.5056129435105,91.37339690283413,1.0154874190597731,500.4170401285683,-59.91142718505779,9805.2,31.426923076923078,False
2022-05-26,BR_SANTOS->CN_QINGDAO,BR_SANTOS,CN_QINGDAO,392.30378157231297,441.73668152146723,91.27414561992966,1.023517114576714,499.6449877234767,-57.90830620200944,9805.2,31.426923076923078,False
2022-05-27,BR_SANTOS->CN_QINGDAO,BR_SANTOS,CN_QINGDAO,387.99945545941483,436.95801970507887,90.617220543793,1.0228287994267677,495.0170507951004,-58.059031090021506,9805.2,31.426923076923078,False
2022-05-30,BR_SANTOS->CN_QINGDAO,BR_SANTOS,CN_QINGDAO,386.18801154244557,429.6327687219953,93.55466736038694,1.0199894052860534,497.2307688167863,-67.59800009479096,9805.2,31.426923076923078,False
2022-05-31,BR_SANTOS->CN_QINGDAO,BR_SANTOS,CN_QINGDAO,382.0662890955287,421.6574086710737,93.76130852303871,1.017261270468215,494.3851207539835,-72.72771208290976,9805.2,31.426923076923078,False
2022-06-01,BR_SANTOS->CN_QINGDAO,BR_SANTOS,CN_QINGDAO,380.94849522263456,420.22368742898686,96.62426857544764,1.0151821428239247,496.9144726621032,-76.69078523311634,9805.2,31.426923076923078,False
2022-06-02,BR_SANTOS->CN_QINGDAO,BR_SANTOS,CN_QINGDAO,378.0209099219339,445.3501959015784,90.7328830185256,1.0086278414481615,490.5565856191447,-45.20638971756631,9805.2,31.426923076923078,False
2022-06-03,BR_SANTOS->CN_QINGDAO,BR_SANTOS,CN_QINGDAO,371.88793265579494,436.6883466563635,90.90244464450933,1.005774639305739,485.66521656581045,-48.976869909446975,9805.2,31.426923076923078,False
2022-06-06,BR_SANTOS->CN_QINGDAO,BR_SANTOS,CN_QINGDAO,370.40743025360024,433.0553439942059,85.19426755264243,1.0064849847805486,478.21604487590105,-45.16070088169516,9805.2,31.426923076923078,False
2022-06-07,BR_SANTOS->CN_QINGDAO,BR_SANTOS,CN_QINGDAO,366.93742522260925,434.8232761405701,87.32257744654694,1.0089299726681449,475.99053449732463,-41.16725835675453,9805.2,31.426923076923078,False
2022-06-08,BR_SANTOS->CN_QINGDAO,BR_SANTOS,CN_QINGDAO,364.24038407490843,427.14580182166696,79.81268965599075,1.0162451105511843,463.1811940263484,-36.03539220468144,9805.2,31.426923076923078,False
2022-06-09,BR_SANTOS->CN_QINGDAO,BR_SANTOS,CN_QINGDAO,358.1404034323798,424.55747827092233,81.89777007685322,1.017715535089311,458.7205179143717,-34.163039643449395,9805.2,31.426923076923078,False
2022-06-10,BR_SANTOS->CN_QINGDAO,BR_SANTOS,CN_QINGDAO,356.5088220394739,418.4508220856046,76.63057181059075,1.014822403864357,452.8456430408457,-34.39482095524107,9805.2,31.426923076923078,False
2022-06-13,BR_SANTOS->CN_QINGDAO,BR_SANTOS,CN_QINGDAO,356.9016478719987,412.0560723289654,75.94491148692195,1.0086848823034287,454.7002194974575,-42.64414716849211,9805.2,31.426923076923078,False
2022-06-14,BR_SANTOS->CN_QINGDAO,BR_SANTOS,CN_QINGDAO,353.9841693324252,413.9735662598554,80.26096518278453,1.0104687245820139,455.48599043171345,-41.51242417185807,9805.2,31.426923076923078,False
2022-06-15,BR_SANTOS->CN_QINGDAO,BR_SANTOS,CN_QINGDAO,353.2424384686596,418.64203430963727,81.80258179160226,1.0097573780664866,456.5372773376378,-37.89524302800055,9805.2,31.426923076923078,False
2022-06-16,BR_SANTOS->CN_QINGDAO,BR_SANTOS,CN_QINGDAO,359.14539204399097,426.0330094310762,75.83977770710617,1.0092466675070504,456.63193131217844,-30.59892188110223,9805.2,31.426923076923078,False
2022-06-17,BR_SANTOS->CN_QINGDAO,BR_SANTOS,CN_QINGDAO,358.4841049933797,425.8912624912776,74.08975829494152,1.0108376624693294,453.6612612986506,-27.769998807372986,9805.2,31.426923076923078,False
2022-06-20,BR_SANTOS->CN_QINGDAO,BR_SANTOS,CN_QINGDAO,355.238869152717,420.5314644390535,69.515038378264,1.013992684236342,444.7600867940223,-24.22862235496882,9805.2,31.426923076923078,False
2022-06-21,BR_SANTOS->CN_QINGDAO,BR_SANTOS,CN_QINGDAO,353.4386004532528,417.53206488668104,64.79450399848471,1.0156350701696013,437.6882156682127,-20.156150781531665,9805.2,31.426923076923078,False
2022-06-22,BR_SANTOS->CN_QINGDAO,BR_SANTOS,CN_QINGDAO,357.2282640801389,416.6468022369324,66.34913230483487,1.0145964965524803,443.35563900057826,-26.708836763645877,9805.2,31.426923076923078,False
2022-06-23,BR_SANTOS->CN_QINGDAO,BR_SANTOS,CN_QINGDAO,363.93807150644835,418.8886229053641,69.37196267188533,1.0097297313155895,454.76433898570235,-35.875716080338236,9805.2,31.426923076923078,False
2022-06-24,BR_SANTOS->CN_QINGDAO,BR_SANTOS,CN_QINGDAO,362.3788125188335,418.8962379660934,71.93188305836284,1.0060240658160193,457.100812516085,-38.204574549991605,9805.2,31.426923076923078,False
2022-06-27,BR_SANTOS->CN_QINGDAO,BR_SANTOS,CN_QINGDAO,358.89451789705885,422.10645876097533,75.04917787904641,1.011157336566063,454.9159854119326,-32.80952665095725,9805.2,31.426923076923078,False
2022-06-28,BR_SANTOS->CN_QINGDAO,BR_SANTOS,CN_QINGDAO,366.6368001130384,425.604609176324,75.76364960004607,1.0085907254952549,464.25495146095557,-38.65034228463156,9805.2,31.426923076923078,False
2022-06-29,BR_SANTOS->CN_QINGDAO,BR_SANTOS,CN_QINGDAO,361.72784796306667,421.7546558571811,75.44819004035743,1.0004778925937852,461.9703435315115,-40.21568767433041,9805.2,31.426923076923078,False
2022-06-30,BR_SANTOS->CN_QINGDAO,BR_SANTOS,CN_QINGDAO,359.60845074525054,415.40127971602266,72.19710543129425,1.0074629364592902,454.08464255136647,-38.683362835343814,9805.2,31.426923076923078,False
2022-07-01,BR_SANTOS->CN_QINGDAO,BR_SANTOS,CN_QINGDAO,356.36549788525207,412.839033230017,71.45788999881471,1.0017825424184486,452.12586825608827,-39.28683502607129,9805.2,31.426923076923078,False
2022-07-04,BR_SANTOS->CN_QINGDAO,BR_SANTOS,CN_QINGDAO,356.2260884253925,410.2169463526991,67.70581172353262,1.0019944244219279,448.1583122027461,-37.94136585004702,9805.2,31.426923076923078,False
2022-07-05,BR_SANTOS->CN_QINGDAO,BR_SANTOS,CN_QINGDAO,353.6844259543977,408.91705239091476,65.86764017445846,1.0049516357379962,442.72611598326637,-33.809063592351606,9805.2,31.426923076923078,False
2022-07-06,BR_SANTOS->CN_QINGDAO,BR_SANTOS,CN_QINGDAO,353.72909286033274,413.0373060062076,67.22938770396891,1.00497104179593,444.12571066114594,-31.08840465493836,9805.2,31.426923076923078,False
2022-07-07,BR_SANTOS->CN_QINGDAO,BR_SANTOS,CN_QINGDAO,349.95965928108717,415.94123172428715,67.83799740317475,0.9901388428224307,446.2076448898886,-30.266413165601477,9805.2,31.426923076923078,False
2022-07-08,BR_SANTOS->CN_QINGDAO,BR_SANTOS,CN_QINGDAO,341.03069723394844,406.94605290825837,80.21582322530907,0.9924613865349017,448.7101025514938,-41.76404964323541,9805.2,31.426923076923078,False
2022-07-11,BR_SANTOS->CN_QINGDAO,BR_SANTOS,CN_QINGDAO,338.48340591955616,402.630563001109,75.43903734017046,1.000391683756683,438.6354673799218,-36.004904378812796,9805.2,31.426923076923078,False
2022-07-12,BR_SANTOS->CN_QINGDAO,BR_SANTOS,CN_QINGDAO,344.6248997544736,401.16919551697924,75.63712010584462,1.0051238828548896,443.37441493395175,-42.20521941697251,9805.2,31.426923076923078,False
2022-07-13,BR_SANTOS->CN_QINGDAO,BR_SANTOS,CN_QINGDAO,347.7214358590206,404.00570391899976,71.05271047151588,0.9923958951534421,446.3471041887775,-42.34140026977775,9805.2,31.426923076923078,False
2022-07-14,BR_SANTOS->CN_QINGDAO,BR_SANTOS,CN_QINGDAO,349.8762128789738,412.5898083931895,70.50880127393795,1.005143485018273,443.49118048981893,-30.901372096629416,9805.2,31.426923076923078,False
2022-07-15,BR_SANTOS->CN_QINGDAO,BR_SANTOS,CN_QINGDAO,359.0992438874075,423.9461095175666,70.1328247334689,0.9971791791837499,455.20743624567314,-31.261326728106553,9805.2,31.426923076923078,False
2022-07-18,BR_SANTOS->CN_QINGDAO,BR_SANTOS,CN_QINGDAO,360.0003526750813,422.73042909485827,74.0567166615308,0.9907477443866002,462.39554582542087,-39.6651167305626,9805.2,31.426923076923078,False
2022-07-19,BR_SANTOS->CN_QINGDAO,BR_SANTOS,CN_QINGDAO,355.48831967173754,414.8531472728219,73.09391151152252,0.9954065244026357,455.1665994759189,-40.31345220309697,9805.2,31.426923076923078,False
2022-07-20,BR_SANTOS->CN_QINGDAO,BR_SANTOS,CN_QINGDAO,346.28934964302374,399.3333829136889,73.12391343223311,0.9981147699625088,444.95788806549206,-45.624505151803135,9805.2,31.426923076923078,False
2022-07-21,BR_SANTOS->CN_QINGDAO,BR_SANTOS,CN_QINGDAO,349.2001796500889,398.94013080837084,72.27818283014133,0.9985959878597812,446.8742820677545,-47.93415125938367,9805.2,31.426923076923078,False
2022-07-22,BR_SANTOS->CN_QINGDAO,BR_SANTOS,CN_QINGDAO,346.06220051217883,398.8664772381318,68.09223713175231,0.9951901683237132,440.721684914081,-41.8552076759492,9805.2,31.426923076923078,False
2022-07-25,BR_SANTOS->CN_QINGDAO,BR_SANTOS,CN_QINGDAO,348.7565859931753,393.6202270334476,66.79082489427219,1.0031687140214058,439.3400755232575,-45.71984848980992,9805.2,31.426923076923078,False
2022-07-26,BR_SANTOS->CN_QINGDAO,BR_SANTOS,CN_QINGDAO,345.02609334839235,388.4528252757862,66.46495137087983,1.002932039169496,435.35760315710087,-46.90477788131466,9805.2,31.426923076923078,False
2022-07-27,BR_SANTOS->CN_QINGDAO,BR_SANTOS,CN_QINGDAO,342.93725991304353,395.07915179122443,67.67738606764495,0.9935537140944447,437.72088821612556,-42.641736424901126,9805.2,31.426923076923078,False
2022-07-28,BR_SANTOS->CN_QINGDAO,BR_SANTOS,CN_QINGDAO,350.4204989548188,399.2756087392069,70.53573836723555,1.0009270762382065,445.5387408494188,-46.26313211021187,9805.2,31.426923076923078,False
2022-07-29,BR_SANTOS->CN_QINGDAO,BR_SANTOS,CN_QINGDAO,347.5566864459555,402.3050673042766,70.50485371652552,1.0022448726883015,442.1727587493626,-39.867691445085995,9805.2,31.426923076923078,False
2022-08-01,BR_SANTOS->CN_QINGDAO,BR_SANTOS,CN_QINGDAO,349.3355424276418,404.6943831983086,70.4095598638297,1.0089724098761095,441.5254085124061,-36.831025314097474,9805.2,31.426923076923078,False
2022-08-02,BR_SANTOS->CN_QINGDAO,BR_SANTOS,CN_QINGDAO,346.1085807036361,402.9518417025376,65.33691825391784,1.0124444848430527,432.05519868499323,-29.103356982455637,9805.2,31.426923076923078,False
2022-08-03,BR_SANTOS->CN_QINGDAO,BR_SANTOS,CN_QINGDAO,339.1429221821468,391.5479948656171,68.13552543799844,1.02707753551275,423.1402623885224,-31.592267522905274,9805.2,31.426923076923078,False
2022-08-04,BR_SANTOS->CN_QINGDAO,BR_SANTOS,CN_QINGDAO,342.68807393382485,389.67723244936695,66.65375172008235,1.0251691296930423,425.75262331475784,-36.07539086539089,9805.2,31.426923076923078,False
2022-08-05,BR_SANTOS->CN_QINGDAO,BR_SANTOS,CN_QINGDAO,341.091056152918,385.5680716216517,70.15637076416337,1.0252681242375898,427.6569800797742,-42.08890845812249,9805.2,31.426923076923078,False
2022-08-08,BR_SANTOS->CN_QINGDAO,BR_SANTOS,CN_QINGDAO,355.8492610134373,402.1617185062265,75.77752532461729,1.0297058169856323,446.244381847914,-44.082663341687464,9805.2,31.426923076923078,False
2022-08-09,BR_SANTOS->CN_QINGDAO,BR_SANTOS,CN_QINGDAO,355.83822613026587,398.57334535602536,75.623167703832,1.0278306264070085,446.7130221906187,-48.13967683459333,9805.2,31.426923076923078,False
2022-08-10,BR_SANTOS->CN_QINGDAO,BR_SANTOS,CN_QINGDAO,356.55791033122773,400.798139496308,72.38619786936847,1.0327924180950534,442.50457763787296,-41.706438141564945,9805.2,31.426923076923078,False
2022-08-11,BR_SANTOS->CN_QINGDAO,BR_SANTOS,CN_QINGDAO,354.94705610494617,396.5532573484833,73.02114479409747,1.0146885732315432,447.73557332315795,-51.18231597467462,9805.2,31.426923076923078,False
2022-08-12,BR_SANTOS->CN_QINGDAO,BR_SANTOS,CN_QINGDAO,346.7630127019018,388.0165485639987,74.9844609256014,1.0142455559432522,441.7411253609328,-53.724576796934116,9805.2,31.426923076923078,False
2022-08-15,BR_SANTOS->CN_QINGDAO,BR_SANTOS,CN_QINGDAO,340.77140259153765,389.2750737499065,74.38414227371995,1.0136189916355618,435.4111850012858,-46.136111251379305,9805.2,31.426923076923078,False
2022-08-16,BR_SANTOS->CN_QINGDAO,BR_SANTOS,CN_QINGDAO,339.43915483872075,394.3764081109007,72.90454674990241,1.0127726780380562,432.8916611426891,-38.515253031788404,9805.2,31.426923076923078,False
2022-08-17,BR_SANTOS->CN_QINGDAO,BR_SANTOS,CN_QINGDAO,351.2712829751693,402.9574311646356,75.67254390260132,1.0074579063742264,449.2430769677694,-46.28564580313383,9805.2,31.426923076923078,False
2022-08-18,BR_SANTOS->CN_QINGDAO,BR_SANTOS,CN_QINGDAO,346.1170867451975,395.81165866239,78.1394153023652,1.0129501063765853,444.69460409509963,-48.88294543270962,9805.2,31.426923076923078,False
2022-08-19,BR_SANTOS->CN_QINGDAO,BR_SANTOS,CN_QINGDAO,353.379287018328,393.66357498121647,77.22744485246876,1.0098888767504208,452.0525684971637,-58.38899351594722,9805.2,31.426923076923078,False
2022-08-22,BR_SANTOS->CN_QINGDAO,BR_SANTOS,CN_QINGDAO,353.03790150367206,390.13304335724956,71.53554814369646,1.0111031354927167,445.598839196995,-55.465795839745454,9805.2,31.426923076923078,False
2022-08-23,BR_SANTOS->CN_QINGDAO,BR_SANTOS,CN_QINGDAO,361.4920059010296,394.6001365887614,73.9188768129522,1.0108777029914784,456.4673782911613,-61.867241702399895,9805.2,31.426923076923078,False
2022-08-24,BR_SANTOS->CN_QINGDAO,BR_SANTOS,CN_QINGDAO,364.4262839724627,395.5823771541718,71.72968175377052,1.0139171052594957,456.10975075424295,-60.527373600071144,9805.2,31.426923076923078,False
2022-08-25,BR_SANTOS->CN_QINGDAO,BR_SANTOS,CN_QINGDAO,367.33089817392147,396.80721092127334,73.2162215794374,1.0226598368577942,457.3626060346652,-60.55539511339185,9805.2,31.426923076923078,False
2022-08-26,BR_SANTOS->CN_QINGDAO,BR_SANTOS,CN_QINGDAO,360.7371113477794,398.9222144427689,74.42089070335983,1.0238576870970597,451.67096971271786,-52.74875526994896,9805.2,31.426923076923078,False
2022-08-29,BR_SANTOS->CN_QINGDAO,BR_SANTOS,CN_QINGDAO,356.5833153345338,397.87566219117474,68.25359132889868,1.0290395810622028,439.6624380642287,-41.786775873053955,9805.2,31.426923076923078,False
2022-08-30,BR_SANTOS->CN_QINGDAO,BR_SANTOS,CN_QINGDAO,355.83427284501,399.71504743678076,69.37647651831463,1.0299344327634496,439.75159291510465,-40.03654547832389,9805.2,31.426923076923078,False
2022-08-31,BR_SANTOS->CN_QINGDAO,BR_SANTOS,CN_QINGDAO,354.2112825313313,395.15830898119214,72.00407587370718,1.026812243149177,441.84633028216496,-46.68802130097282,9805.2,31.426923076923078,False
2022-09-01,BR_SANTOS->CN_QINGDAO,BR_SANTOS,CN_QINGDAO,347.01611187343264,392.638554366098,75.05138644397154,1.0259404953391016,438.1383147385393,-45.4997603724413,9805.2,31.426923076923078,False
2022-09-02,BR_SANTOS->CN_QINGDAO,BR_SANTOS,CN_QINGDAO,340.9373177774651,387.68537776183575,76.0634174290868,1.024196593502471,433.76301732992493,-46.07763956808918,9805.2,31.426923076923078,False
2022-09-05,BR_SANTOS->CN_QINGDAO,BR_SANTOS,CN_QINGDAO,347.558732563069,391.82495396088603,69.37823669957027,1.0276940097342897,432.41577684925005,-40.590822888364016,9805.2,31.426923076923078,False
2022-09-06,BR_SANTOS->CN_QINGDAO,BR_SANTOS,CN_QINGDAO,353.8877468104287,401.731568984572,74.80640741098098,1.0283518541829992,443.81322830274996,-42.08165931817797,9805.2,31.426923076923078,False
2022-09-07,BR_SANTOS->CN_QINGDAO,BR_SANTOS,CN_QINGDAO,355.64510071837265,398.39431516529896,76.95175172658664,1.0234628122771914,449.33714378568214,-50.94282862038318,9805.2,31.426923076923078,False
2022-09-08,BR_SANTOS->CN_QINGDAO,BR_SANTOS,CN_QINGDAO,354.1290436246493,394.0920673681051,72.91831140908732,1.022100698753627,444.2781731602863,-50.186105792181195,9805.2,31.426923076923078,False
2022-09-09,BR_SANTOS->CN_QINGDAO,BR_SANTOS,CN_QINGDAO,355.43719925037334,393.94906365065606,70.73852860328546,1.0127855630394587,446.6001763118868,-52.65111266123074,9805.2,31.426923076923078,False
2022-09-12,BR_SANTOS->CN_QINGDAO,BR_SANTOS,CN_QINGDAO,361.12690022320334,397.6106493240391,72.3221314441453,1.0116644033968782,454.22830796045054,-56.61765863641142,9805.2,31.426923076923078,False
2022-09-13,BR_SANTOS->CN_QINGDAO,BR_SANTOS,CN_QINGDAO,363.2703213202893,401.99586572994735,75.5365075505398,1.0116723300283772,459.56966090752564,-57.57379517757829,9805.2,31.426923076923078,False
2022-09-14,BR_SANTOS->CN_QINGDAO,BR_SANTOS,CN_QINGDAO,364.6374030439323,402.0626512183322,74.25967687347085,1.0227094439123905,455.7410669248563,-53.678415706524106,9805.2,31.426923076923078,False
2022-09-15,BR_SANTOS->CN_QINGDAO,BR_SANTOS,CN_QINGDAO,374.02251554677343,411.0488806623403,78.02875078406689,1.031017455401872,465.77250983677703,-54.723629174436724,9805.2,31.426923076923078,False
2022-09-16,BR_SANTOS->CN_QINGDAO,BR_SANTOS,CN_QINGDAO,375.9944660157342,414.55911225447664,71.75299729686661,1.0246403652577312,463.700978181825,-49.14186592734836,9805.2,31.426923076923078,False
2022-09-19,BR_SANTOS->CN_QINGDAO,BR_SANTOS,CN_QINGDAO,383.7858911683082,422.36248490878876,68.79460912644954,1.0258815629624927,467.9309333198764,-45.568448411087616,9805.2,31.426923076923078,False
2022-09-20,BR_SANTOS->CN_QINGDAO,BR_SANTOS,CN_QINGDAO,380.200893283648,426.98297239547105,62.80718162310328,1.0272323699522512,457.94074645824713,-30.957774062776082,9805.2,31.426923076923078,False
2022-09-21,BR_SANTOS->CN_QINGDAO,BR_SANTOS,CN_QINGDAO,373.8245573172295,422.7767293483513,61.065991239712176,1.0258130751059555,450.4658887645699,-27.689159416218615,9805.2,31.426923076923078,False
2022-09-22,BR_SANTOS->CN_QINGDAO,BR_SANTOS,CN_QINGDAO,369.9570122447395,416.6163073106472,67.05841270891656,1.0247876403662837,453.03110399891074,-36.41479668826355,9805.2,31.426923076923078,False
2022-09-23,BR_SANTOS->CN_QINGDAO,BR_SANTOS,CN_QINGDAO,379.270863078567,428.2807437971947,75.34102668605497,1.0226136097426974,471.2408198079638,-42.960076010769114,9805.2,31.426923076923078,False
2022-09-26,BR_SANTOS->CN_QINGDAO,BR_SANTOS,CN_QINGDAO,386.7997832329095,435.839475409427,76.82656274300595,1.0341687495095733,475.87892974826116,-40.03945433883416,9805.2,31.426923076923078,False
2022-09-27,BR_SANTOS->CN_QINGDAO,BR_SANTOS,CN_QINGDAO,387.80852991140875,433.5927426382233,74.92591034362738,1.0315895426320314,475.90128834302374,-42.30854570480045,9805.2,31.426923076923078,False
2022-09-28,BR_SANTOS->CN_QINGDAO,BR_SANTOS,CN_QINGDAO,386.57016170178366,428.94577716322715,74.70854486740647,1.0337019456375376,473.7073995645854,-44.76162240135824,9805.2,31.426923076923078,False
2022-09-29,BR_SANTOS->CN_QINGDAO,BR_SANTOS,CN_QINGDAO,395.72397642131807,437.45761893868394,77.14133390019374,1.0181347736611843,490.92591092876364,-53.468291990079706,9805.2,31.426923076923078,False
2022-09-30,BR_SANTOS->CN_QINGDAO,BR_SANTOS,CN_QINGDAO,390.38215972030457,435.86011181236904,71.8315586245654,1.0231782459895786,478.44208013324504,-42.581968320876,9805.2,31.426923076923078,False
2022-10-03,BR_SANTOS->CN_QINGDAO,BR_SANTOS,CN_QINGDAO,384.0910134761466,431.08599628254717,70.53852018515198,1.0304743592024712,468.29639161876446,-37.21039533621729,9805.2,31.426923076923078,False
2022-10-04,BR_SANTOS->CN_QINGDAO,BR_SANTOS,CN_QINGDAO,386.9785180836112,437.37006609139985,76.65651877286179,1.0239903051695352,479.62157198026284,-42.251505888862994,9805.2,31.426923076923078,False
2022-10-05,BR_SANTOS->CN_QINGDAO,BR_SANTOS,CN_QINGDAO,375.39821944124054,428.88012829287334,73.2872370604594,1.0208501274674429,466.017657027398,-37.137528734524665,9805.2,31.426923076923078,False
2022-10-06,BR_SANTOS->CN_QINGDAO,BR_SANTOS,CN_QINGDAO,376.2970018353713,428.425292632836,71.27796649916313,1.023619381313878,463.89097537866456,-35.46568274582859,9805.2,31.426923076923078,False
