lane,entry_date,arrival_date,tonnes,delivered_cost,arrival_dest_price,phys_pnl_per_t,hedge_pnl_per_t,pnl_per_t,pnl
BR_SANTOS->NL_ROTTERDAM,2022-04-20,2022-05-13,60000,469.4204255572268,448.7667952563497,-20.65363030087707,10.635413631260235,-10.018216669616834,-601093.0001770101
BR_SANTOS->NL_ROTTERDAM,2022-04-22,2022-05-17,60000,468.98529050763386,429.2262031462434,-39.75908736139047,24.522665356871016,-15.236422004519454,-914185.3202711672
US_NOLA->NL_ROTTERDAM,2022-06-17,2022-07-06,60000,425.7960039397668,420.78574888928625,-5.010255050480566,1.7778457054546948,-3.2324093450258715,-193944.56070155228
BR_SANTOS->NL_ROTTERDAM,2022-06-17,2022-07-12,60000,430.3159797461637,410.23118334472076,-20.08479640144293,12.415769719569198,-7.669026681873731,-460141.60091242386
US_NOLA->NL_ROTTERDAM,2022-07-06,2022-07-25,60000,410.46699962979966,406.9628861980549,-3.50411343174477,0.958612721793827,-2.545500709950943,-152730.04259705657
US_NOLA->NL_ROTTERDAM,2022-07-12,2022-07-29,60000,401.4224152544662,411.6890347874917,10.266619533025505,-11.93494629972622,-1.6683267667007158,-100099.60600204294
US_NOLA->NL_ROTTERDAM,2022-08-16,2022-09-02,60000,404.83372804311466,395.6235002891744,-9.210227753940273,3.169631552477256,-6.040596201463018,-362435.77208778105
BR_SANTOS->NL_ROTTERDAM,2022-08-16,2022-09-08,60000,405.3369326394292,401.3979958349566,-3.9389368044726325,-5.0390145247051805,-8.977951329177813,-538677.0797506687
US_NOLA->ES_BARCELONA,2022-09-02,2022-09-22,60000,387.93897694382764,407.84800829498636,19.909031351158717,-17.836253320939704,2.0727780302190126,124366.68181314076
US_NOLA->ES_BARCELONA,2022-09-13,2022-10-03,60000,397.55726256058114,413.689002426588,16.131739866006853,-11.83917471600256,4.292565150004293,257553.90900025758
US_NOLA->ES_BARCELONA,2022-09-22,2022-10-12,60000,401.367590782986,427.5832703517026,26.21567956871661,-19.33310620047149,6.882573368245119,412954.4020947071
US_NOLA->ES_BARCELONA,2022-10-04,2022-10-24,60000,407.500519158216,406.77499637050335,-0.7255227877126345,10.944035945438486,10.218513157725852,613110.7894635511
US_NOLA->ES_BARCELONA,2022-10-12,2022-11-01,60000,404.47664218256756,411.6915053374746,7.21486315490705,19.22044458292919,26.43530773783624,1586118.4642701745
BR_PARANAGUA->NL_ROTTERDAM,2022-10-24,2022-11-16,60000,411.9835340582867,429.1957050282607,17.21217096997401,-17.44335706232539,-0.2311860923513791,-13871.165541082746
US_NOLA->NL_ROTTERDAM,2022-11-01,2022-11-18,60000,404.4400632428301,422.82715346325966,18.38709022042957,-14.720824065234126,3.6662661551954443,219975.96931172666
US_NOLA->NL_ROTTERDAM,2022-11-16,2022-12-05,60000,417.79788648710127,393.72454712307314,-24.07333936402813,34.8034762701314,10.730136906103269,643808.2143661961
US_NOLA->NL_ROTTERDAM,2022-11-18,2022-12-07,60000,410.2458303972473,377.71877806414517,-32.52705233310212,38.00461532088684,5.477562987784722,328653.77926708333
US_NOLA->ES_BARCELONA,2022-12-16,2023-01-05,60000,395.9254052782904,384.526385076308,-11.39902020198241,4.14779199159392,-7.25122821038849,-435073.6926233094
US_NOLA->ES_BARCELONA,2022-12-20,2023-01-09,60000,397.52577029624916,388.4666974187415,-9.059072877507674,-2.6514728663623828,-11.710545743870057,-702632.7446322034
US_NOLA->ES_BARCELONA,2023-01-13,2023-02-02,60000,389.58198139271894,421.7959938208274,32.21401242810845,-15.096366068921839,17.117646359186608,1027058.7815511965
US_NOLA->ES_BARCELONA,2023-01-19,2023-02-08,60000,396.787024290973,411.3765984838408,14.589574192867758,-2.241713643825392,12.347860549042366,740871.632942542
US_NOLA->ES_BARCELONA,2023-02-02,2023-02-22,60000,405.9219183765339,390.0807191907663,-15.841199185767607,12.975218203258237,-2.8659809825093703,-171958.85895056222
US_NOLA->ES_BARCELONA,2023-02-08,2023-02-28,60000,392.228831264289,390.1618896548053,-2.066941609483706,12.837815204899698,10.770873595415992,646252.4157249596
US_NOLA->NL_ROTTERDAM,2023-02-22,2023-03-13,60000,393.02980174889234,415.1187164235661,22.088914674673788,-12.352143214600233,9.736771460073555,584206.2876044133
US_NOLA->ES_BARCELONA,2023-02-28,2023-03-20,60000,381.096149970477,439.33173305543806,58.23558308496109,-32.13615405936525,26.09942902559584,1565965.7415357505
US_NOLA->NL_ROTTERDAM,2023-03-13,2023-03-30,60000,396.46797811978405,446.35902590014985,49.891047780365795,-22.269421662116088,27.621626118249708,1657297.5670949824
US_NOLA->ES_BARCELONA,2023-03-20,2023-04-07,60000,401.65565428559216,438.76677542477734,37.11112113918517,-4.613611253903059,32.49750988528211,1949850.5931169267
US_NOLA->NL_ROTTERDAM,2023-03-30,2023-04-18,60000,408.3752434093629,426.6829228868137,18.30767947745079,9.429985747629644,27.737665225080434,1664259.9135048261
US_NOLA->NL_ROTTERDAM,2023-04-07,2023-04-26,60000,400.60896005659697,427.502467242374,26.893507185777025,5.204245500395757,32.09775268617278,1925865.161170367
US_NOLA->NL_ROTTERDAM,2023-04-18,2023-05-05,60000,392.091224743263,424.45702585945196,32.36580111618895,-0.5549585448563903,31.810842571332557,1908650.5542799535
US_NOLA->NL_ROTTERDAM,2023-04-26,2023-05-15,60000,390.9707304113823,440.5567168876979,49.58598647631561,-12.245582477910489,37.34040399840512,2240424.2399043073
US_NOLA->ES_BARCELONA,2023-04-26,2023-05-16,60000,391.67790581909406,444.9751646541685,53.297258835074445,-13.335386495054593,39.96187234001985,2397712.3404011913
US_NOLA->NL_ROTTERDAM,2023-05-05,2023-05-24,60000,394.85050665866504,440.98915455330973,46.13864789464469,-16.131541860170614,30.007106034474077,1800426.3620684447
US_NOLA->NL_ROTTERDAM,2023-05-15,2023-06-01,60000,391.62346996410406,438.2069745244828,46.58350456037874,1.0797513389436517,47.663255899322394,2859795.3539593434
US_NOLA->ES_BARCELONA,2023-05-16,2023-06-05,60000,400.78318955196147,449.67645831579654,48.89326876383507,-1.75159525111917,47.1416735127159,2828500.410762954
US_NOLA->ES_BARCELONA,2023-05-24,2023-06-13,60000,388.3500754859394,468.19793768021844,79.84786219427906,-25.21467480924838,54.63318738503068,3277991.243101841
US_NOLA->NL_ROTTERDAM,2023-06-01,2023-06-20,60000,377.96029413773607,467.5899387068966,89.62964456916052,-32.49705904898468,57.13258552017584,3427955.13121055
US_NOLA->NL_ROTTERDAM,2023-06-05,2023-06-22,60000,377.7351101692871,449.62285448468833,71.88774431540122,-15.803328043535032,56.08441627186619,3365064.9763119714
US_NOLA->ES_BARCELONA,2023-06-13,2023-07-03,60000,398.6457405251788,436.5592062856291,37.91346576045032,31.782325581403995,69.69579134185432,4181747.480511259
US_NOLA->NL_ROTTERDAM,2023-06-20,2023-07-07,60000,385.5310791647207,438.89280347516666,53.361724310445936,30.991786262437415,84.35351057288335,5061210.634373001
US_NOLA->NL_ROTTERDAM,2023-06-22,2023-07-11,60000,381.572874960756,432.23480667368153,50.661931712925536,14.106520535739321,64.76845224866486,3886107.1349198916
US_NOLA->ES_BARCELONA,2023-06-22,2023-07-12,60000,421.3724743996109,444.92626301711715,23.553788617506257,13.040069352221508,36.593857969727765,2195631.478183666
US_NOLA->ES_BARCELONA,2023-07-03,2023-07-21,60000,379.00786262436384,442.4226131286875,63.41475050432365,-12.469060865747053,50.945689638576596,3056741.3783145957
US_NOLA->NL_ROTTERDAM,2023-07-07,2023-07-26,60000,360.194572932806,432.22451531716433,72.02994238435832,-11.094055964654956,60.935886419703365,3656153.185182202
US_NOLA->NL_ROTTERDAM,2023-07-11,2023-07-28,60000,361.5154958168865,419.97734246512005,58.46184664823352,7.751526509880591,66.21337315811411,3972802.3894868465
US_NOLA->ES_BARCELONA,2023-07-12,2023-08-01,60000,383.283652398149,414.6959986006774,31.412346202528397,25.919084521208447,57.331430723736844,3439885.843424211
US_NOLA->ES_BARCELONA,2023-07-21,2023-08-10,60000,402.215586287121,426.07305003311046,23.857463745989435,18.9830973391488,42.84056108513823,2570433.665108294
US_NOLA->NL_ROTTERDAM,2023-07-28,2023-08-16,60000,390.3015217743877,422.46347229027566,32.16195051588795,6.160208691683351,38.3221592075713,2299329.5524542783
US_NOLA->NL_ROTTERDAM,2023-07-31,2023-08-17,60000,377.67873349166524,415.036708070431,37.35797457876578,6.152788709733159,43.510763288498936,2610645.797309936
US_NOLA->ES_BARCELONA,2023-08-01,2023-08-21,60000,368.9850084555736,413.6680825115565,44.6830740559829,1.2241936085522411,45.90726766453514,2754436.0598721085
US_NOLA->CN_NANTONG,2023-07-26,2023-08-24,60000,443.2267335268987,435.94300365490756,-7.28372987199117,27.813417574188463,20.529687702197293,1231781.2621318377
US_NOLA->ES_BARCELONA,2023-08-10,2023-08-30,60000,375.4907278248069,416.86747725124445,41.37674942643753,7.946176011576711,49.32292543801424,2959375.5262808544
US_NOLA->NL_ROTTERDAM,2023-08-16,2023-09-04,60000,370.8088251885244,399.26451298889486,28.45568780037047,14.82803184736963,43.2837196477401,2597023.178864406
US_NOLA->NL_ROTTERDAM,2023-08-17,2023-09-05,60000,363.4668350316018,402.26138013269133,38.79454510108951,10.568168613508078,49.36271371459759,2961762.8228758555
US_NOLA->ES_BARCELONA,2023-08-21,2023-09-08,60000,374.7174675961164,417.59595003971566,42.87848244359924,10.758144788142147,53.636627231741386,3218197.633904483
BR_SANTOS->ES_BARCELONA,2023-08-24,2023-09-14,60000,413.01789755367435,426.6960357087126,13.678138155038255,7.663919527782241,21.342057682820496,1280523.4609692297
US_NOLA->ES_BARCELONA,2023-08-30,2023-09-19,60000,375.88629167983197,429.63302337729647,53.7467316974645,9.716339358854157,63.463071056318654,3807784.2633791193
BR_SANTOS->ES_BARCELONA,2023-08-30,2023-09-20,60000,410.2070751280386,426.3926873007353,16.18561217269672,11.173036133291816,27.358648305988538,1641518.8983593122
US_NOLA->NL_ROTTERDAM,2023-09-04,2023-09-21,60000,365.54068781572266,417.7498936921587,52.209205876436044,-0.5568728292014384,51.652333047234606,3099139.9828340765
US_NOLA->NL_ROTTERDAM,2023-09-05,2023-09-22,60000,363.0084521317566,413.28575766202937,50.27730553027277,-4.684620911203524,45.592684619069246,2735561.077144155
US_NOLA->ES_BARCELONA,2023-09-08,2023-09-28,60000,375.21070325579547,449.49880905377927,74.2881057979838,-29.657616062577517,44.630489735406286,2677829.3841243773
BR_PARANAGUA->ES_BARCELONA,2023-09-14,2023-10-06,60000,421.02691495044735,447.4920816048999,26.46516665445256,-24.9817234941234,1.4834431603291591,89006.58961974955
US_NOLA->ES_BARCELONA,2023-09-19,2023-10-09,60000,385.1646115673244,451.8637388317698,66.6991272644454,-29.710207425803958,36.988919838641436,2219335.190318486
US_NOLA->NL_ROTTERDAM,2023-09-21,2023-10-10,60000,375.57633047757116,427.46687568149486,51.89054520392369,-22.401078572871143,29.48946663105255,1769367.997863153
US_NOLA->NL_ROTTERDAM,2023-09-22,2023-10-11,60000,377.1766234034358,421.8131427093176,44.63651930588179,-13.522827843659627,31.113691462222164,1866821.4877333299
US_NOLA->ES_BARCELONA,2023-09-28,2023-10-18,60000,396.6678364714654,427.83461553292653,31.166779061461114,14.570028356571527,45.73680741803264,2744208.4450819585
US_NOLA->CN_NANTONG,2023-09-25,2023-10-24,60000,427.82834351706464,417.34116981293386,-10.487173704130782,-5.750828181445399,-16.238001885576182,-974280.1131345709
US_NOLA->ES_BARCELONA,2023-10-09,2023-10-27,60000,395.8039257763147,428.2847691621979,32.48084338588319,16.714733717213903,49.195577103097094,2951734.6261858256
US_NOLA->NL_ROTTERDAM,2023-10-10,2023-10-27,60000,383.116160656827,431.7006559767668,48.58449531993983,12.999574090441627,61.58406941038146,3695044.1646228875
US_NOLA->NL_ROTTERDAM,2023-10-11,2023-10-30,60000,373.96663116785606,429.71635446728106,55.749723299425,7.373183548029317,63.12290684745432,3787374.410847259
US_NOLA->ES_BARCELONA,2023-10-18,2023-11-07,60000,372.44942259969633,431.5481305677914,59.098707968095084,-20.50432266511507,38.594385302980015,2315663.118178801
BR_SANTOS->ES_BARCELONA,2023-10-19,2023-11-09,60000,429.104440219458,439.8090683784671,10.704628159009076,-18.587690231295824,-7.883062072286748,-472983.7243372049
US_NOLA->NL_ROTTERDAM,2023-10-27,2023-11-15,60000,379.4209779285147,434.89143841936584,55.47046049085117,-18.179992944840762,37.290467546010404,2237428.0527606243
US_NOLA->CN_QINGDAO,2023-10-18,2023-11-16,60000,426.095112050825,458.3941769966596,32.29906494583463,-17.34906988458124,14.94999506125339,896999.7036752034
US_NOLA->ES_BARCELONA,2023-10-27,2023-11-16,60000,383.66926542609497,431.415972266235,47.74670684014001,-14.383075593504827,33.36363124663518,2001817.8747981107
US_NOLA->NL_ROTTERDAM,2023-10-30,2023-11-16,60000,381.40843166800033,425.85437580942295,44.445944141422615,-15.874738770982901,28.571205370439714,1714272.3222263828
US_NOLA->ES_BARCELONA,2023-11-07,2023-11-27,60000,402.4886914860172,437.496545439946,35.00785395392876,-10.193722755973567,24.81413119795519,1488847.8718773115
US_NOLA->CN_QINGDAO,2023-11-03,2023-12-04,60000,449.51847814376134,441.5397295507018,-7.978748593059549,1.4085613379047572,-6.570187255154792,-394211.23530928756
US_NOLA->NL_ROTTERDAM,2023-11-15,2023-12-04,60000,406.8623353301178,446.791260382423,39.9289250523052,9.573550030248327,49.50247508255353,2970148.5049532116
US_NOLA->NL_ROTTERDAM,2023-11-16,2023-12-05,60000,399.1292926196475,449.75022024682124,50.62092762717373,1.71330026003983,52.33422788721356,3140053.6732328134
US_NOLA->ES_BARCELONA,2023-11-16,2023-12-06,60000,405.3665753785918,447.08993193092317,41.72335655233138,4.915961309821398,46.63931786215278,2798359.071729167
US_NOLA->CN_QINGDAO,2023-11-16,2023-12-15,60000,446.17587276846274,427.9220668472996,-18.25380592116312,14.794703985761316,-3.4591019354018044,-207546.11612410826
US_NOLA->ES_BARCELONA,2023-11-27,2023-12-15,60000,412.6630002590703,431.4760537853268,18.81305352625651,28.143679522268712,46.95673304852522,2817403.982911513
US_NOLA->NL_ROTTERDAM,2023-12-04,2023-12-21,60000,390.0572605883,419.26244358273425,29.205182994434267,17.18014333208714,46.38532632652141,2783119.5795912845
US_NOLA->NL_ROTTERDAM,2023-12-05,2023-12-22,60000,394.21177650013993,420.883270021533,26.671493521393074,17.649848203354395,44.32134172474747,2659280.503484848
US_NOLA->ES_BARCELONA,2023-12-06,2023-12-26,60000,392.72437649940827,428.19450674144434,35.47013024203608,9.818816554024579,45.28894679606066,2717336.8077636394
US_NOLA->ES_BARCELONA,2023-12-15,2024-01-04,60000,390.1396118544706,437.0822770391065,46.94266518463587,-5.367314738198786,41.575350446437085,2494521.026786225
US_NOLA->NL_ROTTERDAM,2023-12-21,2024-01-09,60000,368.1297676514193,451.5330941999624,83.40332654854313,-24.50787741743983,58.895449131103305,3533726.947866198
US_NOLA->NL_ROTTERDAM,2023-12-22,2024-01-10,60000,370.6903073151319,451.18984126731334,80.49953395218142,-21.540936045459034,58.95859790672239,3537515.8744033435
US_NOLA->ES_BARCELONA,2023-12-26,2024-01-15,60000,375.5779310694223,450.42327660225345,74.84534553283117,-23.59285909987875,51.25248643295242,3075149.1859771456
US_NOLA->CN_QINGDAO,2023-12-20,2024-01-18,60000,414.20812842727764,444.18271226694014,29.9745838396625,-27.349318723941792,2.6252651157207083,157515.9069432425
US_NOLA->CN_QINGDAO,2023-12-21,2024-01-19,60000,420.0996271390207,435.9139323059962,15.814305166975487,-20.69085583232419,-4.876550665348702,-292593.03992092214
US_NOLA->ES_BARCELONA,2024-01-04,2024-01-24,60000,367.52285132718106,439.8818547848426,72.35900345766152,-12.875774174838455,59.48322928282306,3568993.7569693835
US_NOLA->NL_ROTTERDAM,2024-01-09,2024-01-26,60000,383.0454734526304,443.4157217793689,60.370248326738476,12.346433839185295,72.71668216592377,4363000.929955427
US_NOLA->NL_ROTTERDAM,2024-01-10,2024-01-29,60000,378.4318613160786,437.09933529922415,58.667473983145555,20.527226695363197,79.19470067850875,4751682.040710526
US_NOLA->ES_BARCELONA,2024-01-15,2024-02-02,60000,381.98177474754624,430.9539942074763,48.972219459930045,31.61777526776865,80.5899947276987,4835399.683661922
US_NOLA->ES_BARCELONA,2024-01-24,2024-02-13,60000,390.98558678512705,432.77057147380407,41.784984688677014,19.90268452356281,61.687669212239825,3701260.1527343895
US_NOLA->NL_ROTTERDAM,2024-01-26,2024-02-14,60000,365.00599227637866,425.01390454031787,60.007912263939204,4.290086159902955,64.29799842384216,3857879.9054305297
US_NOLA->NL_ROTTERDAM,2024-01-29,2024-02-15,60000,362.80203170760666,436.7816412270467,73.97960951944003,-12.456850382940274,61.52275913649976,3691365.5481899856
US_NOLA->CN_QINGDAO,2024-01-18,2024-02-16,60000,437.88685051659473,438.8959770246045,1.0091265080097855,10.994508146231396,12.003634654241182,720218.0792544709
US_NOLA->CN_QINGDAO,2024-01-22,2024-02-20,60000,436.84859519440244,433.8226951537135,-3.0259000406889527,11.589959977462911,8.564059936773958,513843.5962064375
US_NOLA->ES_BARCELONA,2024-02-02,2024-02-22,60000,366.5848886704534,416.800093504535,50.215204834081646,-1.6321278757225741,48.58307695835907,2914984.6175015443
BR_SANTOS->ES_BARCELONA,2024-02-07,2024-02-28,60000,426.36491256236786,408.53608103864343,-17.828831523724432,-3.423442617638159,-21.25227414136259,-1275136.4484817556
BR_SANTOS->ES_BARCELONA,2024-02-08,2024-02-29,60000,425.6567813222059,403.71729878486275,-21.939482537343167,3.202289514841368,-18.7371930225018,-1124231.581350108
US_NOLA->ES_BARCELONA,2024-02-13,2024-03-04,60000,370.6145536229013,416.56839484791607,45.95384122501474,3.0781700299650083,49.03201125497975,2941920.675298785
US_NOLA->NL_ROTTERDAM,2024-02-14,2024-03-04,60000,372.41666137841884,419.610724193111,47.19406281469219,4.447051033603941,51.64111384829613,3098466.8308977676
US_NOLA->NL_ROTTERDAM,2024-02-15,2024-03-05,60000,374.27796251709367,419.0908500244598,44.812887507366156,14.323298279292885,59.13618578665904,3548171.1471995423
US_NOLA->ES_BARCELONA,2024-02-22,2024-03-13,60000,380.4723366294931,411.66096432300503,31.188627693511933,4.14595938217019,35.33458707568212,2120075.2245409274
US_NOLA->CN_QINGDAO,2024-02-16,2024-03-18,60000,427.1010598251721,400.9584526455831,-26.142607179588992,28.660045493175517,2.517438313586524,151046.29881519146
US_NOLA->CN_QINGDAO,2024-02-20,2024-03-20,60000,426.61671454420645,417.42161775101124,-9.195096793195205,12.258684516239498,3.063587723044293,183815.26338265758
US_NOLA->NL_ROTTERDAM,2024-03-04,2024-03-21,60000,380.6240775555073,412.89829173347346,32.274214177966144,4.779803988559138,37.05401816652528,2223241.089991517
US_NOLA->ES_BARCELONA,2024-03-04,2024-03-22,60000,397.07300732103045,403.1674221193075,6.094414798277057,3.1092594682833123,9.20367426656037,552220.4559936222
US_NOLA->NL_ROTTERDAM,2024-03-05,2024-03-22,60000,379.07368452137365,412.45376026268195,33.3800757413083,2.4258420848842093,35.80591782619251,2148355.069571551
US_NOLA->ES_BARCELONA,2024-03-13,2024-04-02,60000,400.33184021620303,389.250501723394,-11.081338492809039,12.410168287978536,1.3288297951694972,79729.78771016983
US_NOLA->NL_ROTTERDAM,2024-03-21,2024-04-09,60000,361.29435485978894,391.92274800747333,30.628393147684392,13.035487060139701,43.66388020782409,2619832.8124694456
US_NOLA->NL_ROTTERDAM,2024-03-22,2024-04-10,60000,355.3520827591557,400.0701539980527,44.71807123889704,6.475186751756553,51.19325799065359,3071595.4794392157
US_NOLA->ES_BARCELONA,2024-03-22,2024-04-11,60000,390.02778450639386,403.3900733850611,13.362288878667243,13.87310291856329,27.235391797230534,1634123.507833832
BR_SANTOS->NL_ROTTERDAM,2024-03-20,2024-04-12,60000,409.3601614328791,392.54741685769056,-16.81274457518856,19.033697833456984,2.2209532582684233,133257.19549610539
BR_SANTOS->NL_ROTTERDAM,2024-03-21,2024-04-15,60000,408.02235833321487,392.427054944342,-15.595303388872878,19.803599558167434,4.208296169294556,252497.77015767337
US_NOLA->CN_QINGDAO,2024-03-19,2024-04-17,60000,406.03532971745824,384.91964771821165,-21.11568199924659,13.870094692721295,-7.2455873065252945,-434735.23839151766
US_NOLA->CN_QINGDAO,2024-03-21,2024-04-19,60000,410.3115746647966,382.47261346462335,-27.83896120017323,25.249402150321202,-2.589559049852028,-155373.54299112168
BR_PARANAGUA->NL_ROTTERDAM,2024-03-27,2024-04-19,60000,400.4951844838458,392.37649872502993,-8.118685758815843,9.654728212619034,1.5360424538031907,92162.54722819144
BR_PARANAGUA->NL_ROTTERDAM,2024-03-28,2024-04-22,60000,395.0094938980696,396.7856911230568,1.776197224987186,2.5107828031444797,4.286980028131666,257218.80168789995
US_NOLA->ES_BARCELONA,2024-04-02,2024-04-22,60000,363.78220429830077,390.1150977521162,26.332893453815416,9.523635125916542,35.85652857973196,2151391.7147839176
US_NOLA->NL_ROTTERDAM,2024-04-09,2024-04-26,60000,347.6925166647986,388.00869415610435,40.31617749130578,12.272393481918868,52.58857097322465,3155314.258393479
US_NOLA->NL_ROTTERDAM,2024-04-10,2024-04-29,60000,357.9432997930348,389.05145952857015,31.108159735535367,18.033146061957495,49.14130579749286,2948478.3478495716
US_NOLA->ES_BARCELONA,2024-04-11,2024-05-01,60000,359.51339930309416,392.5045650907354,32.99116578764125,5.115613586921597,38.10677937456285,2286406.762473771
US_NOLA->ES_BARCELONA,2024-04-22,2024-05-10,60000,338.8633973208382,372.32392403022726,33.46052670938906,10.96584369161883,44.42637040100789,2665582.224060473
US_NOLA->NL_ROTTERDAM,2024-04-26,2024-05-15,60000,338.8173086178636,378.2132959957083,39.395987377844676,9.920283451283979,49.316270829128655,2958976.249747719
US_NOLA->NL_ROTTERDAM,2024-04-29,2024-05-16,60000,339.6262776020511,376.2725869891777,36.646309387126564,15.118271306172346,51.76458069329891,3105874.8415979347
BR_SANTOS->NL_ROTTERDAM,2024-04-24,2024-05-17,60000,395.32942406407,388.2332410335238,-7.096183030546172,11.701786924883322,4.6056038943371505,276336.233660229
US_NOLA->ES_BARCELONA,2024-05-01,2024-05-21,60000,356.42494400782573,372.4655252686446,16.040581260818897,15.841034158001321,31.881615418820218,1912896.9251292131
US_NOLA->ES_BARCELONA,2024-05-10,2024-05-30,60000,347.2405770715026,372.0811947765581,24.84061770505548,1.315233352454527,26.155851057510006,1569351.0634506003
BR_SANTOS->NL_ROTTERDAM,2024-05-08,2024-05-31,60000,382.26167181379384,374.3111884701905,-7.950483343603366,13.688990247076674,5.738506903473308,344310.4142083985
US_NOLA->NL_ROTTERDAM,2024-05-15,2024-06-03,60000,328.3379203320852,383.8407976102481,55.502877278162885,3.4862633996275463,58.98914067779043,3539348.4406674257
US_NOLA->NL_ROTTERDAM,2024-05-16,2024-06-04,60000,324.34989279691797,392.9299278322548,68.58003503533683,-10.74860799337199,57.831427041964844,3469885.6225178908
US_NOLA->ES_BARCELONA,2024-05-21,2024-06-10,60000,328.40862881000567,361.1908591584919,32.78223034848622,7.132909507505815,39.91513985599204,2394908.3913595225
US_NOLA->CN_QINGDAO,2024-05-17,2024-06-17,60000,373.26747885269106,370.641087626199,-2.6263912264920464,16.347781304204204,13.721390077712158,823283.4046627295
US_NOLA->CN_NANTONG,2024-05-20,2024-06-18,60000,386.49418125202624,369.8881891837213,-16.605992068304943,11.218460114513391,-5.387531953791552,-323251.9172274931
US_NOLA->CN_NANTONG,2024-05-21,2024-06-19,60000,383.84115864679137,377.66600984847616,-6.175148798315206,2.12586222862609,-4.049286569689116,-242957.19418134695
US_NOLA->ES_BARCELONA,2024-05-30,2024-06-19,60000,328.1713856089808,371.09462528566144,42.92323967668062,0.10893599049558134,43.032175667176205,2581930.540030572
US_NOLA->NL_ROTTERDAM,2024-06-03,2024-06-20,60000,327.5282027918565,400.7910090488613,73.26280625700485,-4.238180517100375,69.02462573990448,4141477.5443942687
US_NOLA->NL_ROTTERDAM,2024-06-04,2024-06-21,60000,339.48050139213075,397.02338711549174,57.542885723360996,8.751758498939353,66.29464422230035,3977678.653338021
US_NOLA->ES_BARCELONA,2024-06-10,2024-06-28,60000,316.3010775471852,367.00462511606804,50.70354756888287,2.167805301904366,52.871352870787234,3172281.1722472343
US_NOLA->CN_QINGDAO,2024-06-03,2024-07-02,60000,378.39553304404836,369.4807228546288,-8.91481018941954,-3.855941696529385,-12.770751885948926,-766245.1131569355
BR_SANTOS->NL_ROTTERDAM,2024-06-07,2024-07-02,60000,370.64278827693676,391.7223256814296,21.07953740449284,-4.180626679992429,16.89891072450041,1013934.6434700247
BR_SANTOS->NL_ROTTERDAM,2024-06-10,2024-07-03,60000,373.1138038630066,397.1004677393635,23.986663876356943,-12.974124204313341,11.012539672043602,660752.3803226161
BR_PARANAGUA->NL_ROTTERDAM,2024-06-13,2024-07-08,60000,374.39639081969506,396.5208442704292,22.124453450734165,-15.344136834071662,6.780316616662503,406818.9969997502
US_NOLA->ES_BARCELONA,2024-06-19,2024-07-09,60000,305.5911351933668,375.35497085042095,69.76383565705413,-3.3094986076961277,66.454337049358,3987260.2229614803
US_NOLA->NL_ROTTERDAM,2024-06-20,2024-07-09,60000,310.5968722618627,391.2791366128944,80.68226435103168,-2.500677111729374,78.1815872393023,4690895.234358138
BR_PARANAGUA->NL_ROTTERDAM,2024-06-17,2024-07-10,60000,373.5778099475898,388.1005552010508,14.522745253460982,-16.596248834945925,-2.0735035814849425,-124410.21488909655
US_NOLA->NL_ROTTERDAM,2024-06-21,2024-07-10,60000,312.07425781476246,388.1005552010508,76.02629738628832,-4.816922856903886,71.20937452938443,4272562.471763066
BR_SANTOS->ES_BARCELONA,2024-06-24,2024-07-15,60000,384.261556227731,375.43261785999437,-8.828938367736612,-1.9113774969262636,-10.740315864662875,-644418.9518797725
US_NOLA->CN_QINGDAO,2024-06-17,2024-07-16,60000,354.594928839778,385.57212831889296,30.977199479114972,-13.042656290985974,17.934543188129,1076072.5912877398
BR_PARANAGUA->ES_BARCELONA,2024-06-24,2024-07-16,60000,372.0636862061102,382.4215049708245,10.357818764714295,-1.8673447777778165,8.490473986936479,509428.43921618874
US_NOLA->CN_NANTONG,2024-06-18,2024-07-17,60000,341.33873933738045,372.19195727796597,30.853217940585523,-5.835367071792689,25.017850868792834,1501071.0521275701
BR_PARANAGUA->ES_BARCELONA,2024-06-25,2024-07-17,60000,373.68263521026137,369.4226393852159,-4.259995825045451,4.962214600146979,0.7022187751015281,42133.126506091685
US_NOLA->CN_NANTONG,2024-06-19,2024-07-18,60000,349.69299862691526,371.56519469395244,21.87219606703718,4.942249570951276,26.814445637988456,1608866.7382793073
US_NOLA->ES_BARCELONA,2024-06-28,2024-07-18,60000,305.94500367162584,389.99562236977454,84.0506186981487,-2.2326030098328147,81.81801568831588,4909080.941298953
BR_SANTOS->NL_ROTTERDAM,2024-07-02,2024-07-25,60000,361.7481507429311,365.62258238009815,3.8744316371670493,20.689808081841704,24.564239719008754,1473854.3831405253
BR_SANTOS->NL_ROTTERDAM,2024-07-03,2024-07-26,60000,368.9929865430223,351.9704848210118,-17.02250172201053,39.73665187007208,22.71415014806155,1362849.008883693
US_NOLA->NL_ROTTERDAM,2024-07-09,2024-07-26,60000,333.4079992140188,351.9704848210118,18.562485606992993,35.07907355233459,53.641559159327585,3218493.549559655
US_NOLA->ES_BARCELONA,2024-07-09,2024-07-29,60000,324.85500888323037,350.43703169070204,25.582022807471674,31.51227538759798,57.094298195069655,3425657.8917041793
US_NOLA->NL_ROTTERDAM,2024-07-10,2024-07-29,60000,333.7704153747294,353.71696700157867,19.94655162684927,32.34555790346428,52.29210953031355,3137526.571818813
BR_PARANAGUA->NL_ROTTERDAM,2024-07-08,2024-07-31,60000,375.2005635310412,362.8220383913647,-12.378525139676526,37.30476081241966,24.926235672743132,1495574.140364588
US_NOLA->CN_QINGDAO,2024-07-03,2024-08-01,60000,381.64816840743634,347.0860511392716,-34.56211726816474,43.97736246452763,9.41524519636289,564914.7117817734
BR_PARANAGUA->NL_ROTTERDAM,2024-07-10,2024-08-02,60000,368.0945550739533,350.1053078019401,-17.989247272013188,36.35693112924196,18.36768385722877,1102061.0314337262
BR_PARANAGUA->ES_BARCELONA,2024-07-16,2024-08-07,60000,362.2658926309979,353.3109955839895,-8.954897047008387,18.513701817419587,9.5588047704112,573528.286224672
US_NOLA->ES_BARCELONA,2024-07-18,2024-08-07,60000,316.7041418938242,353.3109955839895,36.60685369016528,12.982263666865833,49.589117357031114,2975347.041421867
BR_PARANAGUA->ES_BARCELONA,2024-07-17,2024-08-08,60000,362.3184018573344,356.6745107370268,-5.643891120307558,12.708133755174174,7.064242634866616,423854.558091997
BR_SANTOS->ES_BARCELONA,2024-07-18,2024-08-08,60000,378.0104502232096,356.6745107370268,-21.33593948618278,11.202599531186706,-10.133339954996075,-608000.3972997644
BR_SANTOS->ES_BARCELONA,2024-07-19,2024-08-09,60000,377.12552617761213,361.1002244408556,-16.025301736756546,11.586630253092153,-4.438671483664393,-266320.2890198636
US_NOLA->CN_QINGDAO,2024-07-16,2024-08-14,60000,371.4286091733571,365.7421520759158,-5.686457097441291,5.224076020665336,-0.4623810767759551,-27742.864606557305
US_NOLA->NL_ROTTERDAM,2024-07-26,2024-08-14,60000,272.0577501953399,372.0160286357883,99.9582784404484,-27.134687503575606,72.82359093687279,4369415.456212368
US_NOLA->NL_ROTTERDAM,2024-07-29,2024-08-15,60000,275.51225345520663,369.10353309607655,93.59127964086991,-21.25693620497117,72.33434343589875,4340060.606153925
US_NOLA->ES_BARCELONA,2024-07-29,2024-08-16,60000,291.49542188472253,358.9740165905283,67.47859470580579,-19.332602576723332,48.14599212908246,2888759.5277449475
BR_SANTOS->NL_ROTTERDAM,2024-07-25,2024-08-19,60000,350.50982385355155,356.2515469799474,5.741723126395868,-9.272086934163497,-3.5303638077676283,-211821.8284660577
BR_SANTOS->NL_ROTTERDAM,2024-07-26,2024-08-20,60000,334.65673636776773,356.688259495853,22.03152312808527,-24.372044217661482,-2.340521089576214,-140431.26537457283
BR_PARANAGUA->NL_ROTTERDAM,2024-07-31,2024-08-23,60000,335.3051408002922,365.27697321205534,29.97183241176316,-25.59343984944951,4.37839256231365,262703.55373881897
US_NOLA->CN_NANTONG,2024-07-29,2024-08-27,60000,341.16268503890865,379.49421886503757,38.33153382612892,-24.054087797375473,14.277446028753445,856646.7617252067
BR_PARANAGUA->NL_ROTTERDAM,2024-08-02,2024-08-27,60000,332.0224735640315,356.1215411318503,24.099067567818793,-28.065461023153148,-3.966393455334355,-237983.6073200613
US_NOLA->ES_BARCELONA,2024-08-07,2024-08-27,60000,294.47012845069975,370.1178382348744,75.64770978417465,-13.775824255290729,61.87188552888392,3712313.131733035
BR_PARANAGUA->ES_BARCELONA,2024-08-07,2024-08-29,60000,341.7172694635763,362.3729530598251,20.655683596248764,-7.997067886634511,12.658615709614253,759516.9425768552
BR_PARANAGUA->CN_QINGDAO,2024-07-17,2024-08-30,60000,377.3831585817925,354.84436322916196,-22.53879535263053,10.175902715344819,-12.36289263728571,-741773.5582371426
US_NOLA->CN_QINGDAO,2024-08-01,2024-08-30,60000,333.0429336982257,354.84436322916196,21.801429530936275,-22.397667476785386,-0.5962379458491114,-35774.27675094668
BR_PARANAGUA->ES_BARCELONA,2024-08-08,2024-08-30,60000,345.3147083604398,379.62485839796676,34.31015003752697,-2.5322310398293553,31.77791899769761,1906675.1398618566
BR_PARANAGUA->CN_QINGDAO,2024-07-18,2024-09-02,60000,372.50243583277376,348.8593742565487,-23.64306157622508,12.156241994183858,-11.486819582041221,-689209.1749224733
BR_SANTOS->ES_BARCELONA,2024-08-12,2024-09-02,60000,357.75135943292753,370.68496194416605,12.933602511238519,3.9479581799121775,16.881560691150696,1012893.6414690418
US_NOLA->NL_ROTTERDAM,2024-08-14,2024-09-02,60000,300.9502814184709,338.25726583826423,37.30698441979331,12.463604124072276,49.770588543865586,2986235.3126319353
US_NOLA->NL_ROTTERDAM,2024-08-15,2024-09-03,60000,296.6457131019387,331.5274613774944,34.88174827555565,20.559253045942114,55.441001321497765,3326460.079289866
BR_SANTOS->ES_BARCELONA,2024-08-14,2024-09-04,60000,357.59762937751987,350.5386318227763,-7.0589975547435415,27.171579179469575,20.112581624726033,1206754.897483562
US_NOLA->CN_NANTONG,2024-08-07,2024-09-05,60000,342.4331202531634,348.1020828321918,5.668962579028403,17.96515590402197,23.634118483050372,1418047.1089830224
US_NOLA->ES_BARCELONA,2024-08-16,2024-09-05,60000,300.90608260025203,344.2827253627824,43.376642762530366,27.019494938660557,70.39613770119092,4223768.262071456
US_NOLA->CN_QINGDAO,2024-08-14,2024-09-12,60000,344.90928108229076,332.62407525803377,-12.285205824256991,32.974136240679,20.68893041642201,1241335.8249853207
BR_SANTOS->NL_ROTTERDAM,2024-08-21,2024-09-13,60000,351.0565533049681,330.8012959257165,-20.25525737925159,32.232896639614125,11.977639260362537,718658.3556217522
BR_SANTOS->NL_ROTTERDAM,2024-08-22,2024-09-16,60000,349.1558662353224,327.3059305432588,-21.849935692063582,34.55992909295935,12.709993400895769,762599.6040537461
US_NOLA->ES_BARCELONA,2024-08-27,2024-09-16,60000,316.4936380111252,340.04613730094684,23.55249928982164,33.0608680752465,56.61336736506814,3396802.0419040886
BR_PARANAGUA->NL_ROTTERDAM,2024-08-23,2024-09-17,60000,349.9957749258235,320.9102712347481,-29.085503691075417,36.7460342955369,7.660530604461485,459631.83626768907
US_NOLA->NL_ROTTERDAM,2024-09-02,2024-09-19,60000,298.1245994056485,321.43271926654216,23.30811986089367,22.587094674338857,45.895214535232526,2753712.8721139515
US_NOLA->NL_ROTTERDAM,2024-09-03,2024-09-20,60000,289.0488595025954,328.7764735185437,39.72761401594829,9.23181151040859,48.95942552635688,2937565.531581413
BR_PARANAGUA->ES_BARCELONA,2024-08-30,2024-09-23,60000,345.6717084439796,345.9166817831681,0.24497333918850472,23.15069763205156,23.395670971240065,1403740.2582744039
BR_SANTOS->ES_BARCELONA,2024-09-02,2024-09-23,60000,348.07383260407823,345.9166817831681,-2.1571508209101466,19.664824129225053,17.507673308314907,1050460.3984988944
BR_PARANAGUA->ES_BARCELONA,2024-09-02,2024-09-24,60000,334.31977414576914,346.9103811993754,12.590607053606277,16.472337712821968,29.062944766428245,1743776.6859856946
US_NOLA->CN_NANTONG,2024-08-27,2024-09-25,60000,353.88807893371705,329.10588665281267,-24.782192280904383,34.044991808613645,9.262799527709262,555767.9716625557
BR_PARANAGUA->NL_ROTTERDAM,2024-09-02,2024-09-25,60000,333.67592643340595,328.0683423586438,-5.607584074762144,21.09518922600489,15.487605151242747,929256.3090745648
BR_SANTOS->ES_BARCELONA,2024-09-04,2024-09-25,60000,335.35337396671383,342.03948478815505,6.686110821441218,6.387214170607592,13.07332499204881,784399.4995229286
US_NOLA->ES_BARCELONA,2024-09-05,2024-09-25,60000,281.1249965542001,342.03948478815505,60.914488233954955,2.3040116493009464,63.2184998832559,3793109.992995354
US_NOLA->CN_QINGDAO,2024-08-30,2024-09-30,60000,349.12579352790266,356.4665509649936,7.340757437090929,30.95005788048138,38.29081531757231,2297448.9190543387
US_NOLA->CN_NANTONG,2024-09-05,2024-10-04,60000,326.187342534477,322.27879368378035,-3.9085488506966612,18.662333895017923,14.753785044321262,885227.1026592758
US_NOLA->ES_BARCELONA,2024-09-16,2024-10-04,60000,275.66943378693975,309.83777148552184,34.16833769858209,17.34244597908412,51.51078367766621,3090647.0206599724
US_NOLA->NL_ROTTERDAM,2024-09-19,2024-10-08,60000,273.1086045236239,327.5067894693037,54.398184945679816,10.15313715546614,64.55132210114596,3873079.3260687576
US_NOLA->NL_ROTTERDAM,2024-09-20,2024-10-09,60000,274.8716198824189,316.0352157508845,41.16359586846562,23.33013856783242,64.49373443629804,3869624.0661778823
BR_SANTOS->CN_NANTONG,2024-08-27,2024-10-10,60000,370.5570348471398,312.8202526639203,-57.736782183219475,62.61822882115234,4.881446637932868,292886.7982759721
BR_PARANAGUA->NL_ROTTERDAM,2024-09-17,2024-10-10,60000,310.77306780871714,308.6383161787324,-2.1347516299847484,25.494773768259336,23.360022138274587,1401601.3282964753
US_NOLA->CN_QINGDAO,2024-09-12,2024-10-11,60000,323.8886764953907,322.17133903335383,-1.7173374620368804,33.2758831104656,31.55854564842872,1893512.7389057232
BR_SANTOS->CN_NANTONG,2024-08-29,2024-10-14,60000,358.93682019182734,319.2138967100713,-39.72292348175603,54.347156540783374,14.624233059027347,877453.9835416408
BR_SANTOS->ES_BARCELONA,2024-09-23,2024-10-14,60000,326.4823269893122,297.51640066064954,-28.965926328662647,27.511286197605784,-1.4546401310568626,-87278.40786341176
BR_PARANAGUA->ES_BARCELONA,2024-09-23,2024-10-15,60000,316.80233647284,302.89152905319304,-13.910807419646972,26.20464477446899,12.293837354822017,737630.241289321
US_NOLA->ES_BARCELONA,2024-09-25,2024-10-15,60000,281.76340863218667,302.89152905319304,21.128120421006372,24.77427967768915,45.90240009869552,2754144.0059217312
BR_PARANAGUA->ES_BARCELONA,2024-09-24,2024-10-16,60000,325.5282417925129,306.1518321006348,-19.37640969187811,25.90920360879653,6.532793916918422,391967.6350151053
BR_SANTOS->ES_BARCELONA,2024-09-25,2024-10-16,60000,321.0292182241323,306.1518321006348,-14.877386123497502,21.28635209561361,6.408965972116107,384537.95832696644
BR_PARANAGUA->NL_ROTTERDAM,2024-09-27,2024-10-22,60000,324.5561075776944,302.9250640706574,-21.631043507036964,28.10510546275583,6.474061955718867,388443.717343132
BR_PARANAGUA->CN_NANTONG,2024-09-10,2024-10-24,60000,342.5942950523355,318.1310966650894,-24.46319838724611,32.7524005163059,8.289202129059788,497352.1277435873
US_NOLA->CN_NANTONG,2024-09-25,2024-10-24,60000,318.1532522272301,318.1310966650894,-0.022155562140710572,27.342786230226693,27.320630668085983,1639237.840085159
US_NOLA->ES_BARCELONA,2024-10-04,2024-10-24,60000,266.1229694452962,298.99654453137396,32.87357508607778,10.984463984509716,43.858039070587495,2631482.34423525
US_NOLA->NL_ROTTERDAM,2024-10-08,2024-10-25,60000,277.3339397902122,299.6636809144266,22.329741124214422,14.411096857380812,36.740837981595234,2204450.278895714
US_NOLA->NL_ROTTERDAM,2024-10-09,2024-10-28,60000,274.33580164818756,302.53049715382576,28.194695505638208,3.4362406711341578,31.630936176772366,1897856.170606342
US_NOLA->CN_QINGDAO,2024-09-30,2024-10-29,60000,308.822089890873,329.70347298061364,20.881383089740666,15.405655176575749,36.287038266316415,2177222.295978985
BR_SANTOS->NL_ROTTERDAM,2024-10-04,2024-10-29,60000,302.43522613613794,305.8259162984728,3.390690162334863,5.416328082508755,8.807018244843619,528421.094690617
US_NOLA->CN_NANTONG,2024-10-04,2024-11-04,60000,295.3914848037285,309.9854905272047,14.594005723476243,14.53906899812364,29.133074721599883,1747984.483295993
BR_SANTOS->NL_ROTTERDAM,2024-10-10,2024-11-04,60000,284.2334142823817,289.2216066743035,4.988192391921757,2.324154231301918,7.312346623223675,438740.7973934205
BR_PARANAGUA->NL_ROTTERDAM,2024-10-10,2024-11-04,60000,296.56299740607574,289.2216066743035,-7.341390731772265,2.324154231301918,-5.0172365004703465,-301034.19002822076
BR_SANTOS->ES_BARCELONA,2024-10-14,2024-11-04,60000,292.1718513827546,298.52963226860334,6.35778088584874,4.816470143014669,11.17425102886341,670455.0617318045
US_NOLA->ES_BARCELONA,2024-10-15,2024-11-04,60000,263.02073512338256,298.52963226860334,35.50889714522077,6.123111566151465,41.63200871137224,2497920.5226823343
BR_PARANAGUA->CN_QINGDAO,2024-09-20,2024-11-05,60000,334.6856630323198,321.5922203063124,-13.093442726007368,26.97440398402057,13.880961258013201,832857.6754807921
BR_PARANAGUA->CN_QINGDAO,2024-09-23,2024-11-06,60000,331.6472469787595,314.14077968661303,-17.506467292146453,31.505797008751756,13.999329716605303,839959.7829963182
BR_SANTOS->ES_BARCELONA,2024-10-16,2024-11-06,60000,293.84746644404714,301.5966671119906,7.749200667943455,8.78907981635831,16.538280484301765,992296.8290581059
BR_SANTOS->CN_QINGDAO,2024-09-26,2024-11-08,60000,351.11891430084154,303.7078190782279,-47.41109522261365,37.90965361834759,-9.501441604266063,-570086.4962559638
BR_SANTOS->CN_QINGDAO,2024-09-27,2024-11-11,60000,353.26723805117666,303.5652247594612,-49.702013291715446,32.77277653513602,-16.929236756579428,-1015754.2053947657
US_NOLA->CN_QINGDAO,2024-10-11,2024-11-11,60000,304.47694326226843,303.5652247594612,-0.9117185028072186,1.0140365272500276,0.10231802444280902,6139.081466568541
US_NOLA->ES_BARCELONA,2024-10-24,2024-11-13,60000,251.73841839123702,315.19033101529436,63.45191262405734,-4.120038127320129,59.331874496737214,3559912.469804233
US_NOLA->NL_ROTTERDAM,2024-10-25,2024-11-13,60000,249.97343743743073,302.55871737450593,52.5852799370752,-2.833391358274355,49.751888578800845,2985113.3147280505
US_NOLA->NL_ROTTERDAM,2024-10-28,2024-11-14,60000,250.4891185187999,301.92530652989035,51.43618801109045,-0.44913034156581944,50.98705766952463,3059223.460171478
US_NOLA->CN_QINGDAO,2024-10-29,2024-11-15,60000,308.06643675567807,301.37084916591084,-6.695587589767229,7.069910706448297,0.37432311668106877,22459.387000864124
BR_PARANAGUA->ES_BARCELONA,2024-10-29,2024-11-15,60000,306.84945923980035,307.53879551930305,0.6893362795026974,7.069910706448297,7.759246985950995,465554.81915705965
BR_PARANAGUA->ES_BARCELONA,2024-10-30,2024-11-15,60000,308.13440987232025,307.53879551930305,-0.5956143530171971,10.736447975198416,10.14083362218122,608450.0173308732
BR_SANTOS->NL_ROTTERDAM,2024-10-30,2024-11-15,60000,301.34051297335094,294.10620363235375,-7.234309340997186,10.736447975198416,3.5021386342012306,210128.31805207382
US_NOLA->ES_BARCELONA,2024-11-04,2024-11-15,60000,251.90555828770343,307.53879551930305,55.63323723159962,-2.0528302091665864,53.580407022433036,3214824.4213459822
BR_SANTOS->ES_BARCELONA,2024-11-04,2024-11-15,60000,290.9061455449261,307.53879551930305,16.632649974376932,-2.0528302091665864,14.579819765210345,874789.1859126207
BR_SANTOS->ES_BARCELONA,2024-11-06,2024-11-15,60000,291.1082575516805,307.53879551930305,16.43053796762257,-1.230870877297889,15.19966709032468,911980.0254194809
BR_SANTOS->NL_ROTTERDAM,2024-11-06,2024-11-15,60000,287.34582929520496,294.10620363235375,6.760374337148789,-1.230870877297889,5.5295034598509005,331770.20759105403
US_NOLA->CN_QINGDAO,2024-11-11,2024-11-15,60000,294.7328122407402,301.37084916591084,6.638036925170638,-4.8607014936434325,1.7773354315272059,106640.12589163236
US_NOLA->CN_NANTONG,2024-11-11,2024-11-15,60000,306.64452372757944,324.6158607932451,17.971337065665637,-4.8607014936434325,13.110635572022204,786638.1343213322
US_NOLA->CN_NANTONG,2024-11-12,2024-11-15,60000,304.754485340115,324.6158607932451,19.86137545313005,3.2634738573109985,23.12484931044105,1387490.958626463
US_NOLA->ES_BARCELONA,2024-11-13,2024-11-15,60000,258.600523481755,307.53879551930305,48.938272037548074,5.621812931767465,54.56008496931554,3273605.0981589323
US_NOLA->NL_ROTTERDAM,2024-11-13,2024-11-15,60000,250.31560264167425,294.10620363235375,43.79060099067951,5.621812931767465,49.41241392244697,2964744.8353468184
BR_SANTOS->CN_NANTONG,2024-11-13,2024-11-15,60000,324.9365337059911,324.6158607932451,-0.3206729127460335,5.621812931767465,5.301140019021432,318068.4011412859
US_NOLA->NL_ROTTERDAM,2024-11-14,2024-11-15,60000,247.83651617239886,294.10620363235375,46.269687459954895,3.984087797131906,50.2537752570868,3015226.515425208
BR_PARANAGUA->NL_ROTTERDAM,2024-11-14,2024-11-15,60000,293.8649268157974,294.10620363235375,0.2412768165563648,3.984087797131906,4.225364613688271,253521.87682129623
